,id,amount_won,net_gain
0,01_31_MIL_NYM_13,0.0,-100.0
1,01_31_COL_ATL_13,0.0,-100.0
2,01_31_LAA_KC_14,187.719298245614,87.719298245614
3,01_31_NYY_SF_16,185.470085470085,85.470085470085
4,01_31_PIT_LAD_16,0.0,-100.0
5,01_31_MIA_PHI_13,164.516129032258,64.516129032258
6,01_31_TB_BOS_13,0.0,-100.0
7,01_31_SD_WSH_13,197.087378640777,97.087378640777
8,01_31_BAL_MIN_14,153.191489361702,53.191489361702
9,01_31_CIN_STL_14,173.529411764706,73.529411764706
10,01_31_CHC_ARI_16,0.0,-100.0
11,01_31_TEX_SEA_16,0.0,-100.0
12,01_31_CLE_HOU_19,191.743119266055,91.743119266055
13,01_37_WSH_PHI_19,209.0,109.0
14,01_37_LAD_SD_20,185.470085470085,85.470085470085
15,01_37_OAK_PIT_19,200.0,100.0
16,01_37_TB_BAL_19,260.0,160.0
17,01_37_NYM_MIL_19,187.719298245614,87.719298245614
18,01_37_ARI_COL_20,0.0,-100.0
19,01_38_ATL_MIA_13,186.206896551724,86.206896551724
20,01_38_WSH_PHI_14,0.0,-100.0
21,01_38_TOR_TEX_15,0.0,-100.0
22,01_38_ARI_COL_15,0.0,-100.0
23,01_38_STL_CHC_19,0.0,-100.0
24,01_38_SEA_CLE_13,0.0,-100.0
25,01_38_NYM_MIL_14,176.923076923077,76.923076923077
26,01_38_MIN_NYY_16,181.967213114754,81.967213114754
27,01_38_HOU_LAA_16,0.0,-100.0
28,01_39_ARI_TB_19,0.0,-100.0
29,01_39_SEA_NYY_18,171.428571428571,71.428571428571
30,01_39_BOS_BAL_19,274.0,174.0
31,01_39_MIN_TOR_19,0.0,-100.0
32,01_39_WSH_MIL_19,211.0,111.0
33,01_39_PHI_STL_20,180.0,80.0
34,01_39_MIA_CHC_20,0.0,-100.0
35,01_39_ATL_LAD_22,170.422535211268,70.422535211268
36,01_40_TEX_PIT_19,0.0,-100.0
37,01_40_SEA_NYY_18,169.93006993007,69.93006993007
38,01_32_SD_ATL_19,0.0,-100.0
39,01_32_COL_MIL_19,196.153846153846,96.153846153846
40,01_32_HOU_MIN_19,258.0,158.0
41,01_32_TB_KC_20,0.0,-100.0
42,01_33_STL_WSH_19,0.0,-100.0
43,01_33_OAK_BOS_19,0.0,-100.0
44,01_33_CLE_MIA_19,157.142857142857,57.142857142857
45,01_33_CIN_NYM_19,215.0,115.0
46,01_33_SD_ATL_19,0.0,-100.0
47,01_33_COL_MIL_19,198.039215686275,98.039215686275
48,01_33_HOU_MIN_19,0.0,-100.0
49,01_33_PIT_TEX_20,0.0,-100.0
50,01_33_NYY_ARI_21,0.0,-100.0
51,01_33_LAD_SF_21,162.111801242236,62.111801242236
52,01_35_SD_ATL_12,0.0,-100.0
53,01_35_CIN_NYM_12,0.0,-100.0
54,01_35_COL_MIL_13,0.0,-100.0
55,01_35_TB_KC_14,168.965517241379,68.965517241379
56,01_35_STL_WSH_16,0.0,-100.0
57,01_40_MIN_TOR_19,0.0,-100.0
58,01_40_LAA_DET_19,0.0,-100.0
59,01_40_MIA_CHC_20,165.789473684211,65.789473684211
60,01_35_TOR_LAA_22,0.0,-100.0
61,01_40_KC_HOU_20,0.0,-100.0
62,01_40_SF_COL_20,0.0,-100.0
63,01_36_WSH_PHI_19,0.0,-100.0
64,01_36_SEA_CLE_19,0.0,-100.0
65,01_36_STL_CHC_14,204.0,104.0
66,01_36_OAK_PIT_19,0.0,-100.0
67,01_36_MIN_NYY_19,169.93006993007,69.93006993007
68,01_36_TB_BAL_19,0.0,-100.0
69,01_36_SF_CIN_19,0.0,-100.0
70,01_36_TOR_TEX_20,0.0,-100.0
71,01_36_NYM_MIL_20,186.206896551724,86.206896551724
72,01_36_ARI_COL_20,0.0,-100.0
73,01_36_LAD_SD_22,164.516129032258,64.516129032258
74,01_40_CIN_OAK_22,190.909090909091,90.909090909091
75,01_40_NYM_SD_22,0.0,-100.0
76,01_41_WSH_MIL_13,0.0,-100.0
77,01_41_PHI_STL_13,245.0,145.0
78,01_41_MIN_TOR_19,194.339622641509,94.339622641509
79,01_41_LAA_DET_19,0.0,-100.0
80,01_41_SEA_NYY_18,0.0,-100.0
81,01_41_BOS_BAL_19,0.0,-100.0
82,01_42_CIN_OAK_15,239.0,139.0
83,01_42_TEX_HOU_20,0.0,-100.0
84,01_42_MIA_CHC_14,152.631578947368,52.631578947368
85,01_42_SF_COL_15,166.225165562914,66.225165562914
86,01_42_SEA_NYY_18,161.728395061728,61.728395061728
87,01_42_ATL_ARI_21,208.0,108.0
88,01_43_MIL_CHC_14,228.0,128.0
89,01_43_NYY_TB_19,246.0,146.0
90,01_43_SEA_BOS_19,0.0,-100.0
91,01_43_PIT_STL_20,238.0,138.0
92,01_43_LAA_BAL_19,0.0,-100.0
93,01_43_MIA_NYM_19,154.945054945055,54.945054945055
94,01_43_ATL_ARI_21,0.0,-100.0
95,01_44_SEA_BOS_13,0.0,-100.0
96,01_44_MIL_CHC_14,0.0,-100.0
97,01_44_PIT_STL_14,0.0,-100.0
98,01_44_CLE_OAK_16,230.0,130.0
99,01_44_PHI_KC_19,0.0,-100.0
100,01_44_SD_COL_20,0.0,-100.0
101,01_44_CIN_SF_21,0.0,-100.0
102,01_44_WSH_LAD_21,0.0,-100.0
103,01_45_NYY_TB_13,257.0,157.0
104,01_45_DET_MIN_14,283.0,183.0
105,01_45_PIT_STL_14,243.0,143.0
106,01_45_CLE_OAK_16,227.0,127.0
107,01_45_WSH_LAD_16,0.0,-100.0
108,01_45_MIL_CHC_19,0.0,-100.0
109,01_45_LAA_BAL_13,249.0,149.0
110,01_45_CIN_SF_16,190.09009009009,90.09009009009
111,01_46_HOU_DET_19,170.422535211268,70.422535211268
112,01_46_LAA_MIN_19,0.0,-100.0
113,01_47_COL_BOS_19,348.0,248.0
114,01_47_HOU_DET_19,154.644808743169,54.644808743169
115,01_47_TB_MIA_19,173.529411764706,73.529411764706
116,01_47_PIT_ARI_21,240.0,140.0
117,01_47_CHC_CIN_18,0.0,-100.0
118,01_47_MIL_PHI_19,0.0,-100.0
119,01_47_NYM_WSH_19,0.0,-100.0
120,01_47_STL_ATL_19,0.0,-100.0
121,01_47_LAA_MIN_19,179.365079365079,79.365079365079
122,01_47_OAK_SEA_22,204.0,104.0
123,01_47_SD_LAD_22,164.516129032258,64.516129032258
124,01_48_CHC_CIN_18,0.0,-100.0
125,01_48_MIL_PHI_19,213.0,113.0
126,01_48_NYM_WSH_19,0.0,-100.0
127,01_48_COL_BOS_19,0.0,-100.0
128,01_48_STL_ATL_19,0.0,-100.0
129,01_48_TEX_KC_20,181.30081300813,81.30081300813
130,01_48_LAA_MIN_13,171.428571428571,71.428571428571
131,01_49_MIL_PHI_13,211.0,111.0
132,01_49_TEX_KC_13,201.0,101.0
133,01_49_BAL_CLE_18,0.0,-100.0
134,01_49_CHC_CIN_18,0.0,-100.0
135,01_49_NYM_WSH_13,234.0,134.0
136,01_49_OAK_DET_13,0.0,-100.0
137,01_49_STL_ATL_19,194.339622641509,94.339622641509
138,01_50_CHC_WSH_19,241.0,141.0
139,01_50_MIL_ATL_19,0.0,-100.0
140,01_50_COL_PHI_19,187.719298245614,87.719298245614
141,01_50_OAK_DET_19,0.0,-100.0
142,01_50_BAL_CLE_19,0.0,-100.0
143,01_50_NYM_MIA_19,315.0,215.0
144,01_50_MIN_SEA_22,0.0,-100.0
145,01_51_COL_PHI_16,0.0,-100.0
146,01_51_LAD_CIN_16,0.0,-100.0
147,01_51_OAK_DET_16,188.495575221239,88.495575221239
148,01_51_NYM_MIA_16,0.0,-100.0
149,01_51_CHC_WSH_19,0.0,-100.0
150,01_51_MIL_ATL_19,0.0,-100.0
151,01_51_KC_LAA_22,0.0,-100.0
152,01_51_TB_NYY_13,0.0,-100.0
153,01_51_STL_TEX_16,0.0,-100.0
154,01_51_BAL_CLE_16,173.529411764706,73.529411764706
155,01_52_HOU_BOS_13,0.0,-100.0
156,01_52_COL_PHI_13,0.0,-100.0
157,01_52_CHC_WSH_19,183.333333333333,83.333333333333
158,01_52_NYM_MIA_13,295.0,195.0
159,01_52_LAD_CIN_13,0.0,-100.0
160,01_52_MIL_ATL_13,0.0,-100.0
161,01_52_STL_TEX_15,247.0,147.0
162,01_52_SF_ARI_16,0.0,-100.0
163,01_53_OAK_CLE_18,260.0,160.0
164,01_53_NYY_BAL_19,156.818181818182,56.818181818182
165,01_53_PHI_CHC_20,222.0,122.0
166,01_53_SEA_TEX_20,0.0,-100.0
167,01_53_ARI_SD_22,0.0,-100.0
168,01_53_BOS_TOR_13,0.0,-100.0
169,01_54_NYY_BAL_19,150.0,50.0
170,01_54_COL_PIT_19,189.285714285714,89.285714285714
171,01_54_ARI_SD_22,0.0,-100.0
172,01_54_WSH_NYM_19,176.923076923077,76.923076923077
173,01_54_MIA_DET_19,0.0,-100.0
174,01_54_CIN_MIL_19,0.0,-100.0
175,01_55_ARI_SD_15,0.0,-100.0
176,01_55_NYY_BAL_19,148.780487804878,48.780487804878
177,01_55_CIN_MIL_13,208.0,108.0
178,01_55_OAK_CLE_13,0.0,-100.0
179,01_55_SEA_TEX_14,212.0,112.0
180,01_55_COL_PIT_19,0.0,-100.0
181,01_55_BOS_TOR_19,0.0,-100.0
182,01_55_MIA_DET_19,0.0,-100.0
183,01_55_WSH_NYM_19,193.457943925234,93.457943925234
184,01_55_ATL_SF_21,0.0,-100.0
185,01_56_NYY_BAL_12,151.020408163265,51.020408163265
186,01_56_COL_PIT_12,0.0,-100.0
187,01_56_MIA_DET_13,256.0,156.0
188,01_56_ATL_SF_15,196.153846153846,96.153846153846
189,01_56_WSH_NYM_12,243.0,143.0
190,01_56_PHI_CHC_14,0.0,-100.0
191,01_56_TB_CLE_18,0.0,-100.0
192,01_57_ATL_STL_20,238.0,138.0
193,01_57_CIN_CHC_14,0.0,-100.0
194,01_57_MIA_WSH_19,172.463768115942,72.463768115942
195,01_57_SD_TOR_19,0.0,-100.0
196,01_57_TB_CLE_19,231.0,131.0
197,01_57_BOS_HOU_20,225.0,125.0
198,01_58_NYY_KC_14,178.125,78.125
199,01_58_ARI_SF_16,209.0,109.0
200,01_58_TB_CLE_16,218.0,118.0
201,01_58_SD_TOR_15,0.0,-100.0
202,01_58_MIA_WSH_16,146.511627906977,46.511627906977
203,01_58_SEA_OAK_16,180.0,80.0
204,01_58_PHI_MIL_16,0.0,-100.0
205,01_58_LAD_PIT_19,0.0,-100.0
206,01_58_BAL_COL_21,0.0,-100.0
207,01_59_PHI_MIL_14,0.0,-100.0
208,01_59_NYY_KC_14,0.0,-100.0
209,01_59_CIN_CHC_14,247.0,147.0
210,01_59_BAL_COL_15,0.0,-100.0
211,01_59_ARI_SF_16,190.09009009009,90.09009009009
212,01_59_TEX_LAA_16,0.0,-100.0
213,01_59_ATL_STL_19,237.0,137.0
214,01_59_SD_TOR_13,223.0,123.0
215,01_59_LAD_PIT_13,0.0,-100.0
216,01_59_BOS_HOU_14,0.0,-100.0
217,01_60_MIA_WSH_13,360.0,260.0
218,01_60_PIT_CIN_13,305.0,205.0
219,01_60_CHC_HOU_14,0.0,-100.0
220,01_60_ARI_COL_15,0.0,-100.0
221,01_60_CLE_BOS_16,0.0,-100.0
222,01_60_PIT_CIN_19,0.0,-100.0
223,01_60_NYM_LAD_20,0.0,-100.0
224,01_60_TEX_SEA_21,0.0,-100.0
225,01_60_MIL_MIN_19,0.0,-100.0
226,01_61_STL_PHI_19,0.0,-100.0
227,01_61_SF_MIA_19,0.0,-100.0
228,01_61_CLE_BOS_19,294.0,194.0
229,01_61_MIL_MIN_20,0.0,-100.0
230,01_61_ARI_COL_20,0.0,-100.0
231,01_61_SD_NYY_18,0.0,-100.0
232,01_61_DET_BAL_19,0.0,-100.0
233,01_61_WSH_ATL_19,0.0,-100.0
234,01_62_TEX_SEA_15,220.0,120.0
235,01_62_STL_PHI_19,0.0,-100.0
236,01_62_SF_MIA_19,0.0,-100.0
237,01_62_TOR_TB_19,0.0,-100.0
238,01_62_SD_NYY_13,177.519379844961,77.519379844961
239,01_62_LAA_OAK_15,0.0,-100.0
240,01_62_DET_BAL_19,0.0,-100.0
241,01_62_CHC_HOU_20,0.0,-100.0
242,01_62_ARI_COL_20,214.0,114.0
243,01_63_ARI_COL_15,0.0,-100.0
244,01_63_NYM_LAD_22,0.0,-100.0
245,01_63_STL_PHI_13,0.0,-100.0
246,01_63_MIN_TB_19,179.365079365079,79.365079365079
247,01_63_KC_TEX_20,0.0,-100.0
248,01_64_BOS_NYY_19,0.0,-100.0
249,01_64_MIL_PIT_19,0.0,-100.0
250,01_64_WSH_CIN_19,0.0,-100.0
251,01_64_TOR_COL_20,0.0,-100.0
252,01_64_SF_BAL_19,215.0,115.0
253,01_64_DET_ATL_19,0.0,-100.0
254,01_64_KC_TEX_20,192.592592592593,92.592592592593
255,01_65_DET_ATL_16,0.0,-100.0
256,01_65_LAA_SEA_19,195.238095238095,95.238095238095
257,01_65_HOU_OAK_22,167.567567567568,67.567567567568
258,01_65_PHI_LAD_22,0.0,-100.0
259,01_65_SF_BAL_16,0.0,-100.0
260,01_65_MIL_PIT_16,0.0,-100.0
261,01_65_KC_TEX_16,163.694267515924,63.694267515924
262,01_65_WSH_CIN_16,0.0,-100.0
263,01_65_TOR_COL_21,171.428571428571,71.428571428571
264,01_66_SF_BAL_13,200.0,100.0
265,01_66_KC_TEX_15,0.0,-100.0
266,01_66_HOU_OAK_16,177.519379844961,77.519379844961
267,01_66_MIA_SD_18,276.0,176.0
268,01_66_WSH_CIN_13,0.0,-100.0
269,01_66_DET_ATL_13,163.291139240506,63.291139240506
270,01_66_PHI_LAD_16,160.606060606061,60.606060606061
271,01_66_LAA_SEA_16,0.0,-100.0
272,01_66_BOS_NYY_19,0.0,-100.0
273,01_67_LAA_CHC_16,0.0,-100.0
274,01_67_HOU_SEA_22,181.967213114754,81.967213114754
275,01_67_LAD_ARI_21,0.0,-100.0
276,01_68_NYY_TOR_19,0.0,-100.0
277,01_68_MIN_CLE_19,0.0,-100.0
278,01_68_COL_CHC_20,0.0,-100.0
279,01_68_ATL_PIT_19,0.0,-100.0
280,01_68_TB_DET_19,344.0,244.0
281,01_68_MIA_MIL_19,0.0,-100.0
282,01_68_BAL_TEX_20,0.0,-100.0
283,01_68_BOS_KC_20,0.0,-100.0
284,01_68_CIN_STL_20,0.0,-100.0
285,01_68_LAD_ARI_21,0.0,-100.0
286,01_69_MIN_CLE_19,0.0,-100.0
287,01_69_COL_CHC_20,0.0,-100.0
288,01_69_HOU_SEA_22,0.0,-100.0
289,01_69_LAD_ARI_15,246.0,146.0
290,01_69_ATL_PIT_19,214.0,114.0
291,01_69_NYY_TOR_19,300.0,200.0
292,01_69_SF_NYM_19,176.923076923077,76.923076923077
293,01_69_BAL_TEX_20,160.606060606061,60.606060606061
294,01_69_BOS_KC_20,0.0,-100.0
295,01_70_SF_NYM_12,0.0,-100.0
296,01_70_ATL_PIT_12,216.0,116.0
297,01_70_MIA_MIL_14,0.0,-100.0
298,01_70_HOU_SEA_15,156.818181818182,56.818181818182
299,01_70_MIN_CLE_19,0.0,-100.0
300,01_70_BAL_TEX_20,167.567567567568,67.567567567568
301,01_71_STL_CHC_14,0.0,-100.0
302,01_71_ARI_TOR_19,237.0,137.0
303,01_71_NYY_CLE_19,220.0,120.0
304,01_71_MIN_DET_19,177.519379844961,77.519379844961
305,01_71_ATL_MIA_19,0.0,-100.0
306,01_71_COL_NYM_19,286.0,186.0
307,01_71_OAK_TEX_20,0.0,-100.0
308,01_71_BAL_HOU_20,131.25,31.25
309,01_71_PIT_MIL_20,0.0,-100.0
310,01_71_WSH_SD_22,0.0,-100.0
311,01_72_TB_BOS_13,250.0,150.0
312,01_72_ARI_TOR_15,174.626865671642,74.626865671642
313,01_72_CIN_PHI_16,0.0,-100.0
314,01_72_BAL_HOU_16,0.0,-100.0
315,01_72_PIT_MIL_16,165.789473684211,65.789473684211
316,01_72_STL_CHC_19,206.0,106.0
317,01_72_COL_NYM_19,0.0,-100.0
318,01_72_LAD_SF_19,0.0,-100.0
319,01_72_WSH_SD_22,0.0,-100.0
320,01_73_ARI_TOR_13,179.365079365079,79.365079365079
321,01_73_COL_NYM_13,0.0,-100.0
322,01_73_PIT_MIL_14,0.0,-100.0
323,01_73_LAD_SF_16,165.359477124183,65.359477124183
324,01_73_SEA_LAA_16,235.0,135.0
325,01_73_WSH_SD_16,195.238095238095,95.238095238095
326,01_73_STL_CHC_19,0.0,-100.0
327,01_73_CIN_PHI_13,0.0,-100.0
328,01_73_BAL_HOU_14,154.347826086957,54.347826086957
329,01_73_OAK_TEX_15,0.0,-100.0
330,01_74_TEX_BOS_19,340.0,240.0
331,01_74_PIT_ATL_19,0.0,-100.0
332,01_75_CIN_CLE_19,185.470085470085,85.470085470085
333,01_75_NYM_NYY_19,0.0,-100.0
334,01_75_TOR_BAL_19,211.0,111.0
335,01_75_PIT_ATL_19,173.529411764706,73.529411764706
336,01_75_MIL_HOU_20,186.95652173913,86.95652173913
337,01_75_SEA_MIN_20,0.0,-100.0
338,01_75_DET_KC_20,0.0,-100.0
339,01_75_CHC_COL_20,219.0,119.0
340,01_75_SD_SF_21,254.0,154.0
341,01_76_CIN_CLE_13,0.0,-100.0
342,01_76_CHC_COL_15,0.0,-100.0
343,01_76_TEX_BOS_16,0.0,-100.0
344,01_76_TOR_BAL_19,196.153846153846,96.153846153846
345,01_76_ARI_PHI_19,232.0,132.0
346,01_76_STL_MIA_19,0.0,-100.0
347,01_76_DET_KC_20,240.0,140.0
348,01_76_MIL_HOU_20,0.0,-100.0
349,01_76_SEA_MIN_20,305.0,205.0
350,01_76_SD_SF_21,230.0,130.0
351,01_77_PIT_ATL_12,169.444444444444,69.444444444444
352,01_77_TOR_BAL_19,0.0,-100.0
353,01_77_ARI_WSH_19,186.95652173913,86.95652173913
354,01_77_TEX_BOS_19,0.0,-100.0
355,01_77_CHC_LAD_22,0.0,-100.0
356,01_78_ARI_WSH_19,0.0,-100.0
357,01_78_CLE_DET_19,171.428571428571,71.428571428571
358,01_78_STL_NYM_19,224.0,124.0
359,01_78_PHI_ATL_19,0.0,-100.0
360,01_78_KC_MIN_20,0.0,-100.0
361,01_78_SEA_OAK_21,273.0,173.0
362,01_79_ARI_WSH_16,305.0,205.0
363,01_79_MIL_SF_16,0.0,-100.0
364,01_79_PIT_MIA_18,0.0,-100.0
365,01_79_STL_NYM_19,0.0,-100.0
366,01_79_TEX_CIN_19,206.0,106.0
367,01_79_PHI_ATL_19,199.009900990099,99.009900990099
368,01_79_CHC_LAD_21,287.0,187.0
369,01_79_BOS_BAL_16,0.0,-100.0
370,01_79_TOR_HOU_16,146.511627906977,46.511627906977
371,01_80_PIT_MIA_13,189.285714285714,89.285714285714
372,01_80_CLE_DET_13,168.493150684931,68.493150684931
373,01_80_TEX_CIN_13,0.0,-100.0
374,01_80_CHC_LAD_19,0.0,-100.0
375,01_80_STL_NYM_13,0.0,-100.0
376,01_80_TOR_HOU_14,0.0,-100.0
377,01_80_SD_COL_15,0.0,-100.0
378,01_80_SEA_OAK_16,0.0,-100.0
379,01_81_HOU_CIN_19,0.0,-100.0
380,01_81_NYM_ATL_19,168.493150684931,68.493150684931
381,01_81_MIA_STL_20,149.261083743842,49.261083743842
382,01_81_BAL_OAK_22,149.261083743842,49.261083743842
383,01_82_TB_NYY_19,172.463768115942,72.463768115942
384,01_82_LAA_TOR_19,0.0,-100.0
385,01_82_HOU_CIN_19,0.0,-100.0
386,01_82_NYM_ATL_19,0.0,-100.0
387,01_82_CLE_TEX_20,0.0,-100.0
388,01_82_MIA_STL_20,0.0,-100.0
389,01_82_COL_ARI_21,238.0,138.0
390,01_82_BAL_OAK_22,147.619047619048,47.619047619048
391,01_83_HOU_CIN_12,266.0,166.0
392,01_83_TB_NYY_13,220.0,120.0
393,01_83_PHI_WSH_13,0.0,-100.0
394,01_83_BAL_OAK_15,0.0,-100.0
395,01_83_MIL_SD_15,0.0,-100.0
396,01_83_KC_SEA_18,181.30081300813,81.30081300813
397,01_83_DET_PIT_19,187.719298245614,87.719298245614
398,01_83_LAA_TOR_19,0.0,-100.0
399,01_83_NYM_ATL_19,0.0,-100.0
400,01_83_MIA_STL_20,160.240963855422,60.240963855422
401,01_83_SF_LAD_22,143.478260869565,43.478260869565
402,01_84_CLE_TEX_14,220.0,120.0
403,01_84_COL_ARI_15,255.0,155.0
404,01_84_LAA_TOR_19,244.0,144.0
405,01_84_MIA_STL_19,0.0,-100.0
406,01_84_CIN_MIL_20,237.0,137.0
407,01_84_NYM_CHC_20,177.519379844961,77.519379844961
408,01_84_MIN_KC_20,276.0,176.0
409,01_85_NYM_CHC_14,257.0,157.0
410,01_85_HOU_NYY_19,0.0,-100.0
411,01_85_SD_PIT_19,190.909090909091,90.909090909091
412,01_85_ATL_WSH_19,0.0,-100.0
413,01_85_TOR_BOS_19,0.0,-100.0
414,01_85_DET_CLE_19,154.945054945055,54.945054945055
415,01_85_LAA_STL_20,207.0,107.0
416,01_85_MIN_KC_20,0.0,-100.0
417,01_85_SF_ARI_21,0.0,-100.0
418,01_85_COL_LAD_22,0.0,-100.0
419,01_86_COL_LAD_19,0.0,-100.0
420,01_86_ATL_WSH_19,217.0,117.0
421,01_86_HOU_NYY_19,0.0,-100.0
422,01_86_MIN_KC_14,0.0,-100.0
423,01_86_SD_PIT_16,216.0,116.0
424,01_86_CIN_MIL_16,200.0,100.0
425,01_86_BAL_SEA_16,0.0,-100.0
426,01_87_ATL_WSH_13,204.0,104.0
427,01_87_CIN_MIL_14,0.0,-100.0
428,01_87_MIN_KC_14,0.0,-100.0
429,01_87_COL_LAD_16,0.0,-100.0
430,01_87_TOR_BOS_13,0.0,-100.0
431,01_87_DET_CLE_13,152.631578947368,52.631578947368
432,01_87_SD_PIT_13,242.0,142.0
433,01_87_HOU_NYY_14,0.0,-100.0
434,01_87_NYM_CHC_14,208.0,108.0
435,01_87_SF_ARI_16,172.992700729927,72.992700729927
436,01_87_BAL_SEA_16,161.728395061728,61.728395061728
437,01_88_ATL_CHC_20,0.0,-100.0
438,01_88_LAD_ARI_21,233.0,133.0
439,01_88_COL_SF_22,177.519379844961,77.519379844961
440,01_89_NYM_PHI_19,171.428571428571,71.428571428571
441,01_89_KC_CLE_19,310.0,210.0
442,01_89_WSH_MIA_19,0.0,-100.0
443,01_89_ATL_CHC_20,0.0,-100.0
444,01_89_PIT_HOU_20,0.0,-100.0
445,01_89_SEA_MIL_20,258.0,158.0
446,01_89_TB_MIN_20,206.0,106.0
447,01_89_OAK_STL_20,225.0,125.0
448,01_90_TOR_NYY_13,0.0,-100.0
449,01_90_SD_BAL_15,180.645161290323,80.645161290323
450,01_90_LAD_ARI_15,239.0,139.0
451,01_90_COL_SF_15,174.626865671642,74.626865671642
452,01_90_NYM_PHI_19,0.0,-100.0
453,01_90_TEX_DET_19,204.0,104.0
454,01_90_WSH_MIA_19,168.493150684931,68.493150684931
455,01_90_ATL_CHC_20,214.0,114.0
456,01_90_TB_MIN_20,195.238095238095,95.238095238095
457,01_91_NYM_PHI_13,178.125,78.125
458,01_91_PIT_HOU_14,288.0,188.0
459,01_91_SEA_MIL_14,0.0,-100.0
460,01_91_WSH_MIA_19,0.0,-100.0
461,01_91_LAD_COL_20,0.0,-100.0
462,01_91_ARI_SF_21,197.087378640777,97.087378640777
463,01_91_OAK_LAA_22,0.0,-100.0
464,01_92_CLE_BAL_19,0.0,-100.0
465,01_92_CHC_CIN_19,0.0,-100.0
466,01_92_ATL_NYM_19,226.0,126.0
467,01_92_PIT_MIL_20,242.0,142.0
468,01_92_LAD_COL_20,295.0,195.0
469,01_92_STL_SD_22,0.0,-100.0
470,01_93_CLE_BAL_16,0.0,-100.0
471,01_93_ATL_NYM_16,194.339622641509,94.339622641509
472,01_93_TEX_TB_16,0.0,-100.0
473,01_93_PIT_MIL_20,0.0,-100.0
474,01_93_OAK_LAA_22,233.0,133.0
475,01_93_CHC_CIN_16,0.0,-100.0
476,01_93_LAD_COL_20,242.0,142.0
477,01_94_KC_TOR_13,214.0,114.0
478,01_94_TEX_TB_13,0.0,-100.0
479,01_94_PIT_MIL_14,0.0,-100.0
480,01_94_SEA_HOU_14,0.0,-100.0
481,01_94_ARI_SF_16,0.0,-100.0
482,01_94_OAK_LAA_16,226.0,126.0
483,01_94_STL_SD_16,210.0,110.0
484,01_94_ATL_NYM_19,0.0,-100.0
485,01_94_CLE_BAL_13,0.0,-100.0
486,01_94_WSH_DET_13,0.0,-100.0
487,01_94_CHC_CIN_13,212.0,112.0
488,01_94_LAD_COL_15,0.0,-100.0
489,01_95_KC_TOR_13,0.0,-100.0
490,01_95_CHC_PIT_19,203.0,103.0
491,01_95_MIL_CIN_19,0.0,-100.0
492,01_96_CHC_PIT_19,220.0,120.0
493,01_96_MIA_WSH_19,152.631578947368,52.631578947368
494,01_96_BOS_TOR_19,0.0,-100.0
495,01_96_NYY_NYM_19,236.0,136.0
496,01_96_LAA_TEX_20,0.0,-100.0
497,01_96_HOU_COL_20,0.0,-100.0
498,01_96_CLE_KC_20,0.0,-100.0
499,01_97_MIA_WSH_18,0.0,-100.0
500,01_97_BOS_TOR_19,345.0,245.0
501,01_97_MIL_CIN_19,0.0,-100.0
502,01_97_PHI_ATL_19,0.0,-100.0
503,01_97_LAA_TEX_20,0.0,-100.0
504,01_97_CLE_KC_20,0.0,-100.0
505,01_97_SF_SD_21,232.0,132.0
506,01_98_MIA_WSH_11,157.471264367816,57.471264367816
507,01_98_CLE_KC_13,188.495575221239,88.495575221239
508,01_98_MIL_CIN_14,221.0,121.0
509,01_98_CHC_PIT_16,0.0,-100.0
510,01_98_MIN_OAK_16,220.0,120.0
511,01_98_PHI_ATL_19,168.493150684931,68.493150684931
512,01_98_BOS_TOR_19,194.339622641509,94.339622641509
513,01_98_LAA_TEX_20,0.0,-100.0
514,01_99_MIL_PIT_19,0.0,-100.0
515,01_99_KC_WSH_19,271.0,171.0
516,01_99_BAL_TOR_19,0.0,-100.0
517,01_99_PHI_NYM_19,277.0,177.0
518,01_99_NYY_TB_19,188.495575221239,88.495575221239
519,01_99_MIA_ATL_19,155.555555555556,55.555555555556
520,01_99_LAA_HOU_20,0.0,-100.0
521,01_99_TEX_MIN_20,0.0,-100.0
522,01_99_COL_ARI_21,0.0,-100.0
523,01_100_TEX_MIN_14,164.516129032258,64.516129032258
524,01_100_BAL_TOR_15,238.0,138.0
525,01_100_MIL_PIT_16,199.009900990099,99.009900990099
526,01_100_KC_WSH_16,0.0,-100.0
527,01_100_MIA_ATL_16,0.0,-100.0
528,01_100_CLE_CIN_16,0.0,-100.0
529,01_100_NYY_TB_16,0.0,-100.0
530,01_100_PHI_NYM_19,0.0,-100.0
531,01_100_OAK_SEA_22,230.0,130.0
532,01_101_BAL_TOR_13,160.606060606061,60.606060606061
533,01_101_BOS_DET_13,0.0,-100.0
534,01_101_PHI_NYM_13,200.0,100.0
535,01_101_NYY_TB_13,0.0,-100.0
536,01_101_MIL_PIT_13,201.0,101.0
537,01_101_KC_WSH_13,0.0,-100.0
538,01_101_COL_ARI_16,222.0,122.0
539,01_101_SD_LAD_16,0.0,-100.0
540,01_115_OAK_MIN_14,0.0,-100.0
541,01_115_MIA_LAD_16,0.0,-100.0
542,01_115_NYM_SF_16,191.743119266055,91.743119266055
543,01_115_LAA_SEA_16,0.0,-100.0
544,01_115_MIL_ARI_16,0.0,-100.0
545,01_116_BOS_TB_19,190.909090909091,90.909090909091
546,01_116_CLE_TOR_19,0.0,-100.0
547,01_116_OAK_HOU_20,0.0,-100.0
548,01_116_NYY_MIN_20,0.0,-100.0
549,01_116_TEX_SEA_22,184.745762711864,84.745762711864
550,01_117_STL_PIT_19,218.0,118.0
551,01_117_COL_WSH_19,0.0,-100.0
552,01_117_CLE_TOR_19,262.0,162.0
553,01_117_PHI_DET_19,174.074074074074,74.074074074074
554,01_117_SD_NYM_19,218.0,118.0
555,01_117_BOS_TB_19,0.0,-100.0
556,01_117_KC_ATL_19,299.0,199.0
557,01_117_OAK_HOU_20,247.0,147.0
558,01_117_CIN_MIL_20,0.0,-100.0
559,01_117_BAL_ARI_21,0.0,-100.0
560,01_118_BOS_TB_12,192.592592592593,92.592592592593
561,01_118_PHI_DET_13,167.114093959732,67.114093959732
562,01_118_OAK_HOU_14,0.0,-100.0
563,01_118_BAL_ARI_15,175.757575757576,75.757575757576
564,01_118_TEX_SEA_15,233.0,133.0
565,01_118_CHC_SF_15,0.0,-100.0
566,01_118_STL_PIT_19,198.039215686275,98.039215686275
567,01_118_CLE_TOR_19,0.0,-100.0
568,01_118_SD_NYM_19,244.0,144.0
569,01_118_KC_ATL_19,281.0,181.0
570,01_118_NYY_MIN_20,198.039215686275,98.039215686275
571,01_119_SD_NYM_12,0.0,-100.0
572,01_119_STL_PIT_12,210.0,110.0
573,01_119_COL_WSH_16,372.0,272.0
574,01_119_NYY_BOS_19,0.0,-100.0
575,01_119_TEX_OAK_22,0.0,-100.0
576,01_120_ATL_PHI_19,0.0,-100.0
577,01_120_LAD_WSH_19,0.0,-100.0
578,01_120_TB_TOR_19,0.0,-100.0
579,01_120_NYY_BOS_19,222.0,122.0
580,01_120_ARI_MIA_19,0.0,-100.0
581,01_120_PIT_NYM_19,0.0,-100.0
582,01_120_HOU_STL_20,209.0,109.0
583,01_120_DET_SEA_22,178.740157480315,78.740157480315
584,01_121_NYY_BOS_16,0.0,-100.0
585,01_121_LAD_WSH_16,0.0,-100.0
586,01_121_DET_SEA_16,172.463768115942,72.463768115942
587,01_121_ARI_MIA_18,185.470085470085,85.470085470085
588,01_121_ATL_PHI_19,0.0,-100.0
589,01_121_CHC_MIL_19,190.09009009009,90.09009009009
590,01_121_PIT_NYM_19,0.0,-100.0
591,01_121_CLE_KC_19,0.0,-100.0
592,01_121_HOU_STL_19,0.0,-100.0
593,01_121_TEX_OAK_21,0.0,-100.0
594,01_122_ARI_MIA_13,0.0,-100.0
595,01_122_COL_CIN_13,0.0,-100.0
596,01_122_LAD_WSH_13,0.0,-100.0
597,01_122_NYY_BOS_19,270.0,170.0
598,01_122_PIT_NYM_13,185.470085470085,85.470085470085
599,01_122_CHC_MIL_14,0.0,-100.0
600,01_122_CLE_KC_14,263.0,163.0
601,01_123_ATL_WSH_19,0.0,-100.0
602,01_123_PIT_CIN_19,0.0,-100.0
603,01_123_ARI_MIA_19,0.0,-100.0
604,01_123_TOR_KC_20,0.0,-100.0
605,01_123_LAD_COL_20,230.0,130.0
606,01_123_DET_LAA_22,0.0,-100.0
607,01_124_ARI_NYY_19,0.0,-100.0
608,01_124_SF_PHI_19,180.0,80.0
609,01_124_TB_BOS_19,225.0,125.0
610,01_124_HOU_CLE_19,0.0,-100.0
611,01_124_SEA_TEX_20,220.0,120.0
612,01_124_CHC_STL_20,207.0,107.0
613,01_124_DET_LAA_22,140.485829959514,40.485829959514
614,01_125_ATL_WSH_12,0.0,-100.0
615,01_125_PIT_CIN_12,0.0,-100.0
616,01_125_ARI_NYY_13,177.519379844961,77.519379844961
617,01_125_LAD_COL_15,178.740157480315,78.740157480315
618,01_125_DET_LAA_16,0.0,-100.0
619,01_125_HOU_CLE_19,229.0,129.0
620,01_125_CHC_STL_20,0.0,-100.0
621,01_137_BOS_CLE_19,207.0,107.0
622,01_137_CIN_WSH_19,195.238095238095,95.238095238095
623,01_137_TEX_TOR_19,195.238095238095,95.238095238095
624,01_137_ARI_COL_20,206.0,106.0
625,01_137_PIT_LAA_22,235.0,135.0
626,01_138_CHC_PHI_19,223.0,123.0
627,01_138_CIN_WSH_19,184.745762711864,84.745762711864
628,01_138_TEX_TOR_19,230.0,130.0
629,01_138_BOS_CLE_19,0.0,-100.0
630,01_138_SEA_DET_19,248.0,148.0
631,01_138_LAD_MIA_19,0.0,-100.0
632,01_138_NYM_ATL_19,0.0,-100.0
633,01_138_MIN_MIL_20,0.0,-100.0
634,01_138_STL_KC_20,0.0,-100.0
635,01_138_ARI_COL_20,215.0,115.0
636,01_139_TEX_TOR_12,0.0,-100.0
637,01_139_BAL_NYY_13,144.444444444444,44.444444444444
638,01_139_ARI_COL_15,233.0,133.0
639,01_139_CIN_WSH_16,0.0,-100.0
640,01_139_SEA_DET_19,0.0,-100.0
641,01_139_LAD_MIA_19,0.0,-100.0
642,01_139_NYM_ATL_19,176.923076923077,76.923076923077
643,01_139_PIT_LAA_20,0.0,-100.0
644,01_139_STL_KC_20,0.0,-100.0
645,01_140_LAD_MIA_15,335.0,235.0
646,01_140_CLE_NYY_19,0.0,-100.0
647,01_140_CHC_PHI_19,237.0,137.0
648,01_140_STL_CIN_19,0.0,-100.0
649,01_140_NYM_ATL_19,0.0,-100.0
650,01_140_MIN_TEX_20,0.0,-100.0
651,01_140_SF_ARI_21,0.0,-100.0
652,01_140_HOU_OAK_22,216.0,116.0
653,01_141_STL_CIN_19,240.0,140.0
654,01_141_MIN_TEX_20,199.009900990099,99.009900990099
655,01_141_MIA_COL_20,0.0,-100.0
656,01_141_SD_PHI_19,200.0,100.0
657,01_141_CHC_PIT_19,225.0,125.0
658,01_141_MIL_WSH_19,167.567567567568,67.567567567568
659,01_141_DET_TB_19,0.0,-100.0
660,01_141_NYM_KC_20,274.0,174.0
661,01_141_LAD_ATL_19,213.0,113.0
662,01_142_STL_CIN_18,0.0,-100.0
663,01_142_BAL_BOS_19,0.0,-100.0
664,01_142_MIA_COL_20,0.0,-100.0
665,01_142_CHC_PIT_13,0.0,-100.0
666,01_142_DET_TB_18,136.363636363636,36.363636363636
667,01_142_SD_PHI_19,0.0,-100.0
668,01_142_NYM_KC_19,0.0,-100.0
669,01_143_CLE_NYY_13,0.0,-100.0
670,01_143_SD_PHI_13,0.0,-100.0
671,01_143_SEA_TOR_13,0.0,-100.0
672,01_143_STL_CIN_13,0.0,-100.0
673,01_143_DET_TB_13,157.142857142857,57.142857142857
674,01_143_MIL_WSH_13,0.0,-100.0
675,01_143_NYM_KC_14,0.0,-100.0
676,01_143_MIN_TEX_15,215.0,115.0
677,01_143_MIA_COL_15,0.0,-100.0
678,01_143_HOU_OAK_16,0.0,-100.0
679,01_143_SF_ARI_16,206.0,106.0
680,01_143_CHC_PIT_19,168.965517241379,68.965517241379
681,01_144_KC_BAL_19,0.0,-100.0
682,01_144_WSH_PIT_19,0.0,-100.0
683,01_144_SD_CIN_19,252.0,152.0
684,01_144_SEA_TB_19,280.0,180.0
685,01_144_MIL_STL_19,0.0,-100.0
686,01_144_LAA_TEX_20,208.0,108.0
687,01_144_DET_HOU_20,0.0,-100.0
688,01_145_LAA_TEX_14,0.0,-100.0
689,01_145_KC_BAL_19,0.0,-100.0
690,01_145_WSH_PIT_19,246.0,146.0
691,01_145_PHI_BOS_19,0.0,-100.0
692,01_145_SD_CIN_19,0.0,-100.0
693,01_145_CLE_NYM_19,250.0,150.0
694,01_145_MIA_ATL_19,0.0,-100.0
695,01_145_MIL_STL_19,205.0,105.0
696,01_145_SF_CHC_20,0.0,-100.0
697,01_145_DET_HOU_20,0.0,-100.0
698,01_145_COL_ARI_21,0.0,-100.0
699,01_145_NYY_OAK_22,233.0,133.0
700,01_146_SD_CIN_12,174.074074074074,74.074074074074
701,01_146_SEA_TB_13,0.0,-100.0
702,01_146_COL_ARI_15,0.0,-100.0
703,01_146_KC_BAL_19,0.0,-100.0
704,01_146_WSH_PIT_19,0.0,-100.0
705,01_146_LAA_TEX_19,182.644628099174,82.644628099174
706,01_146_PHI_BOS_19,254.0,154.0
707,01_146_CLE_NYM_19,0.0,-100.0
708,01_146_MIA_ATL_19,154.054054054054,54.054054054054
709,01_146_MIL_STL_19,0.0,-100.0
710,01_146_SF_CHC_20,0.0,-100.0
711,01_147_SF_CHC_14,0.0,-100.0
712,01_147_TB_BAL_19,0.0,-100.0
713,01_147_WSH_PIT_19,0.0,-100.0
714,01_147_CLE_NYM_19,0.0,-100.0
715,01_147_MIA_ATL_19,0.0,-100.0
716,01_147_NYY_OAK_21,0.0,-100.0
717,01_147_TOR_LAD_22,0.0,-100.0
718,01_148_WSH_CHC_14,217.0,117.0
719,01_148_CIN_PIT_19,0.0,-100.0
720,01_148_KC_CLE_19,159.171597633136,59.171597633136
721,01_148_PHI_MIA_19,261.0,161.0
722,01_148_ATL_NYM_19,270.0,170.0
723,01_148_LAA_HOU_20,0.0,-100.0
724,01_148_ARI_MIL_20,0.0,-100.0
725,01_148_DET_MIN_20,0.0,-100.0
726,01_148_COL_STL_20,0.0,-100.0
727,01_149_WSH_CHC_14,232.0,132.0
728,01_149_NYY_LAD_16,0.0,-100.0
729,01_149_PHI_MIA_18,0.0,-100.0
730,01_149_KC_CLE_19,0.0,-100.0
731,01_149_LAA_HOU_19,0.0,-100.0
732,01_149_ARI_MIL_19,0.0,-100.0
733,01_149_DET_MIN_19,0.0,-100.0
734,01_149_COL_STL_19,0.0,-100.0
735,01_149_BOS_SD_20,195.238095238095,95.238095238095
736,01_149_SF_OAK_21,0.0,-100.0
737,01_150_KC_CLE_13,385.0,285.0
738,01_150_ATL_NYM_13,202.0,102.0
739,01_150_LAA_HOU_14,0.0,-100.0
740,01_150_BOS_SD_16,0.0,-100.0
741,01_150_TOR_SEA_16,0.0,-100.0
742,01_150_NYY_LAD_19,263.0,163.0
743,01_150_TB_BAL_13,257.0,157.0
744,01_150_PHI_MIA_13,287.0,187.0
745,01_150_WSH_CHC_14,0.0,-100.0
746,01_150_SF_OAK_16,0.0,-100.0
747,01_150_ARI_MIL_14,0.0,-100.0
748,01_151_STL_MIL_19,220.0,120.0
749,01_151_PIT_PHI_19,178.740157480315,78.740157480315
750,01_151_CIN_MIA_19,0.0,-100.0
751,01_151_OAK_KC_20,0.0,-100.0
752,01_152_PIT_PHI_19,234.0,134.0
753,01_152_CLE_DET_19,176.335877862595,76.335877862595
754,01_152_STL_MIL_19,240.0,140.0
755,01_152_OAK_KC_20,161.728395061728,61.728395061728
756,01_152_BOS_COL_20,200.0,100.0
757,01_152_TEX_LAA_22,0.0,-100.0
758,01_152_CIN_MIA_19,0.0,-100.0
759,01_153_STL_MIL_14,0.0,-100.0
760,01_153_BAL_WSH_19,0.0,-100.0
761,01_153_CLE_DET_19,156.179775280899,56.179775280899
762,01_153_CHC_NYM_19,218.0,118.0
763,01_153_TB_HOU_20,0.0,-100.0
764,01_153_OAK_KC_20,0.0,-100.0
765,01_153_NYY_SEA_16,0.0,-100.0
766,01_153_PIT_PHI_18,174.626865671642,74.626865671642
767,01_153_CIN_MIA_19,0.0,-100.0
768,01_153_BOS_COL_20,0.0,-100.0
769,01_154_OAK_KC_13,153.191489361702,53.191489361702
770,01_154_TB_HOU_14,330.0,230.0
771,01_154_CHC_NYM_19,275.0,175.0
772,01_154_SEA_TEX_20,264.0,164.0
773,01_154_PIT_COL_20,0.0,-100.0
774,01_154_SD_SF_21,0.0,-100.0
775,01_155_MIL_CHC_14,0.0,-100.0
776,01_155_SEA_TEX_20,0.0,-100.0
777,01_155_OAK_NYY_19,0.0,-100.0
778,01_155_NYM_PHI_19,0.0,-100.0
779,01_155_HOU_TOR_19,0.0,-100.0
780,01_155_PIT_COL_20,218.0,118.0
781,01_156_OAK_NYY_13,0.0,-100.0
782,01_156_MIN_DET_18,0.0,-100.0
783,01_156_MIA_WSH_19,0.0,-100.0
784,01_156_HOU_TOR_15,261.0,161.0
785,01_156_NYM_PHI_16,0.0,-100.0
786,01_156_BAL_KC_19,208.0,108.0
787,01_156_LAD_ARI_20,238.0,138.0
788,01_156_PIT_COL_20,0.0,-100.0
789,01_156_SD_SF_21,0.0,-100.0
790,01_157_CLE_TB_13,0.0,-100.0
791,01_157_MIL_CHC_14,260.0,160.0
792,01_157_SEA_TEX_15,262.0,162.0
793,01_157_BOS_LAA_16,200.0,100.0
794,01_157_CIN_STL_13,167.567567567568,67.567567567568
795,01_157_HOU_TOR_13,0.0,-100.0
796,01_157_BAL_KC_14,181.30081300813,81.30081300813
797,01_157_PIT_COL_15,0.0,-100.0
798,01_157_SD_SF_16,0.0,-100.0
799,01_157_CIN_STL_19,0.0,-100.0
800,01_157_NYM_PHI_19,210.0,110.0
801,01_157_OAK_NYY_13,178.125,78.125
802,01_158_BAL_TB_13,0.0,-100.0
803,01_158_MIN_DET_13,148.780487804878,48.780487804878
804,01_158_TOR_ATL_13,0.0,-100.0
805,01_158_PHI_CIN_14,239.0,139.0
806,01_158_SEA_CHC_14,0.0,-100.0
807,01_158_COL_LAD_20,0.0,-100.0
808,01_158_TEX_NYY_13,0.0,-100.0
809,01_158_NYM_WSH_13,0.0,-100.0
810,01_158_HOU_MIL_16,0.0,-100.0
811,01_159_TEX_NYY_18,0.0,-100.0
812,01_159_PHI_CIN_18,218.0,118.0
813,01_159_MIA_PIT_19,263.0,163.0
814,01_159_TOR_ATL_19,0.0,-100.0
815,01_159_HOU_MIL_19,0.0,-100.0
816,01_159_SF_STL_19,0.0,-100.0
817,01_159_SEA_CHC_20,0.0,-100.0
818,01_159_NYM_WSH_19,178.740157480315,78.740157480315
819,01_159_DET_KC_20,177.519379844961,77.519379844961
820,01_160_MIA_PIT_19,0.0,-100.0
821,01_160_MIN_BOS_19,0.0,-100.0
822,01_160_DET_KC_20,0.0,-100.0
823,01_160_NYM_WSH_13,0.0,-100.0
824,01_160_SF_STL_19,0.0,-100.0
825,01_160_SD_ARI_21,181.30081300813,81.30081300813
826,01_160_LAA_OAK_22,166.666666666667,66.666666666667
827,01_161_PHI_CIN_12,0.0,-100.0
828,01_161_SF_STL_13,0.0,-100.0
829,01_161_TOR_TB_19,0.0,-100.0
830,01_161_MIN_BOS_19,235.0,135.0
831,01_161_SEA_HOU_20,0.0,-100.0
832,01_161_DET_KC_13,0.0,-100.0
833,01_161_LAA_OAK_15,156.179775280899,56.179775280899
834,01_161_MIA_PIT_19,0.0,-100.0
835,01_161_CHC_MIL_19,0.0,-100.0
836,01_161_WSH_ATL_19,209.0,109.0
837,01_162_TEX_BAL_19,216.0,116.0
838,01_162_PHI_NYM_19,0.0,-100.0
839,01_162_ARI_CIN_19,189.285714285714,89.285714285714
840,01_162_NYY_BOS_19,0.0,-100.0
841,01_162_TOR_TB_19,0.0,-100.0
842,01_162_CLE_MIN_20,267.0,167.0
843,01_162_SEA_HOU_20,0.0,-100.0
844,01_162_KC_MIA_19,0.0,-100.0
845,01_162_CHC_MIL_20,214.0,114.0
846,01_163_ARI_CIN_16,245.0,145.0
847,01_163_TOR_TB_18,0.0,-100.0
848,01_163_TEX_BAL_19,187.719298245614,87.719298245614
849,01_163_SEA_HOU_19,0.0,-100.0
850,01_163_CLE_MIN_19,0.0,-100.0
851,01_163_PHI_NYM_19,257.0,157.0
852,01_163_COL_SD_20,0.0,-100.0
853,01_163_SF_LAD_21,326.0,226.0
854,01_163_KC_MIA_18,0.0,-100.0
855,01_163_STL_PIT_19,0.0,-100.0
856,01_163_CHC_MIL_19,217.0,117.0
857,01_163_WSH_ATL_19,174.626865671642,74.626865671642
858,01_163_DET_OAK_21,136.630036630037,36.630036630037
859,01_164_TEX_BAL_13,172.992700729927,72.992700729927
860,01_164_PHI_NYM_13,252.0,152.0
861,01_164_TOR_TB_13,0.0,-100.0
862,01_164_ARI_CIN_13,0.0,-100.0
863,01_164_SEA_HOU_14,0.0,-100.0
864,01_164_SF_LAD_16,0.0,-100.0
865,01_164_COL_SD_16,0.0,-100.0
866,01_164_NYY_BOS_20,190.909090909091,90.909090909091
867,01_164_KC_MIA_13,201.0,101.0
868,01_164_WSH_ATL_13,0.0,-100.0
869,01_164_STL_PIT_13,0.0,-100.0
870,01_164_CLE_MIN_14,0.0,-100.0
871,01_164_CHC_MIL_14,197.087378640777,97.087378640777
872,01_165_ARI_NYM_19,0.0,-100.0
873,01_165_OAK_HOU_20,0.0,-100.0
874,01_165_PIT_SF_21,245.0,145.0
875,01_165_MIL_MIA_19,0.0,-100.0
876,01_166_ARI_NYM_19,0.0,-100.0
877,01_166_WSH_MIN_19,0.0,-100.0
878,01_166_OAK_HOU_20,241.0,141.0
879,01_166_LAD_BAL_19,0.0,-100.0
880,01_166_ATL_PHI_19,257.0,157.0
881,01_166_MIL_MIA_19,0.0,-100.0
882,01_166_TB_TEX_20,0.0,-100.0
883,01_166_STL_COL_20,240.0,140.0
884,01_166_PIT_SF_21,183.333333333333,83.333333333333
885,01_166_CIN_SEA_22,220.0,120.0
886,01_167_LAD_BAL_19,0.0,-100.0
887,01_167_ATL_PHI_19,0.0,-100.0
888,01_167_BOS_TOR_19,238.0,138.0
889,01_167_WSH_MIN_19,0.0,-100.0
890,01_167_STL_COL_20,255.0,155.0
891,01_167_PIT_SF_21,0.0,-100.0
892,01_168_ARI_NYM_13,0.0,-100.0
893,01_168_MIL_MIA_13,177.519379844961,77.519379844961
894,01_168_LAD_BAL_19,147.619047619048,47.619047619048
895,01_168_OAK_HOU_20,340.0,240.0
896,01_168_NYY_DET_13,0.0,-100.0
897,01_168_STL_COL_15,0.0,-100.0
898,01_168_CHC_SD_15,0.0,-100.0
899,01_168_BOS_TOR_19,0.0,-100.0
900,01_168_ATL_PHI_19,220.0,120.0
901,01_168_WSH_MIN_19,0.0,-100.0
902,01_168_TB_TEX_20,242.0,142.0
903,01_169_PIT_CHC_16,0.0,-100.0
904,01_169_ATL_WSH_19,256.0,156.0
905,01_169_NYY_TOR_19,282.0,182.0
906,01_169_BAL_DET_19,0.0,-100.0
907,01_169_LAD_NYM_19,0.0,-100.0
908,01_169_OAK_TEX_20,0.0,-100.0
909,01_169_HOU_KC_20,0.0,-100.0
910,01_169_SD_COL_20,217.0,117.0
911,01_169_CIN_ARI_21,0.0,-100.0
912,01_170_PIT_CHC_14,0.0,-100.0
913,01_170_ATL_WSH_16,210.0,110.0
914,01_170_BAL_DET_18,0.0,-100.0
915,01_170_BOS_PHI_19,212.0,112.0
916,01_170_LAD_NYM_19,0.0,-100.0
917,01_170_MIL_STL_19,283.0,183.0
918,01_170_MIA_SF_21,296.0,196.0
919,01_170_NYY_TOR_15,0.0,-100.0
920,01_170_HOU_KC_19,0.0,-100.0
921,01_170_SD_COL_20,210.0,110.0
922,01_170_CIN_ARI_20,189.285714285714,89.285714285714
923,01_171_MIN_CLE_13,0.0,-100.0
924,01_171_MIL_STL_14,235.0,135.0
925,01_171_PIT_CHC_14,0.0,-100.0
926,01_171_MIA_SF_16,0.0,-100.0
927,01_171_LAD_NYM_19,175.187969924812,75.187969924812
928,01_171_BOS_PHI_13,0.0,-100.0
929,01_171_BAL_DET_13,0.0,-100.0
930,01_171_ATL_WSH_13,205.0,105.0
931,01_171_HOU_KC_14,0.0,-100.0
932,01_171_SD_COL_15,196.153846153846,96.153846153846
933,01_171_TB_LAA_16,259.0,159.0
934,01_171_CIN_ARI_16,0.0,-100.0
935,01_172_SD_MIL_19,0.0,-100.0
936,01_172_BAL_DET_16,231.0,131.0
937,01_172_WSH_STL_19,228.0,128.0
938,01_172_CIN_CHC_20,173.529411764706,73.529411764706
939,01_172_NYM_COL_20,249.0,149.0
940,01_173_SEA_PIT_19,227.0,127.0
941,01_173_PHI_ATL_19,272.0,172.0
942,01_173_TEX_HOU_20,0.0,-100.0
943,01_173_TOR_BAL_19,0.0,-100.0
944,01_173_DET_CLE_19,148.780487804878,48.780487804878
945,01_173_WSH_STL_19,0.0,-100.0
946,01_173_NYM_COL_20,0.0,-100.0
947,01_174_MIA_ARI_15,0.0,-100.0
948,01_174_LAA_NYY_18,374.0,274.0
949,01_174_TOR_BAL_19,204.0,104.0
950,01_174_DET_CLE_19,0.0,-100.0
951,01_174_SF_BOS_19,254.0,154.0
952,01_174_CIN_CHC_20,264.0,164.0
953,01_174_TEX_HOU_20,0.0,-100.0
954,01_174_WSH_STL_13,255.0,155.0
955,01_174_NYM_COL_15,0.0,-100.0
956,01_174_KC_OAK_15,146.511627906977,46.511627906977
957,01_174_SEA_PIT_19,0.0,-100.0
958,01_174_PHI_ATL_19,0.0,-100.0
959,01_174_SD_MIL_19,0.0,-100.0
960,01_174_TB_LAD_20,0.0,-100.0
961,01_175_PHI_ATL_12,0.0,-100.0
962,01_175_SD_MIL_16,0.0,-100.0
963,01_175_TOR_BAL_19,184.033613445378,84.033613445378
964,01_175_KC_MIN_19,0.0,-100.0
965,01_176_BOS_TB_19,0.0,-100.0
966,01_176_PHI_CLE_19,0.0,-100.0
967,01_176_LAA_HOU_20,0.0,-100.0
968,01_176_PIT_MIL_20,0.0,-100.0
969,01_176_NYM_CIN_19,0.0,-100.0
970,01_176_WSH_MIA_19,0.0,-100.0
971,01_176_SF_ATL_19,156.179775280899,56.179775280899
972,01_177_TOR_NYY_13,0.0,-100.0
973,01_177_STL_CHC_14,225.0,125.0
974,01_177_BOS_TB_18,0.0,-100.0
975,01_177_SEA_BAL_19,199.009900990099,99.009900990099
976,01_177_KC_MIN_19,400.0,300.0
977,01_177_PIT_MIL_19,0.0,-100.0
978,01_177_PHI_CLE_19,257.0,157.0
979,01_177_TEX_OAK_21,0.0,-100.0
980,01_177_COL_LAD_21,390.0,290.0
981,01_177_NYM_CIN_16,214.0,114.0
982,01_177_WSH_MIA_18,0.0,-100.0
983,01_178_TOR_NYY_13,0.0,-100.0
984,01_178_SEA_BAL_13,0.0,-100.0
985,01_178_BOS_TB_13,259.0,159.0
986,01_178_PIT_MIL_14,0.0,-100.0
987,01_178_STL_CHC_14,235.0,135.0
988,01_178_TEX_OAK_16,270.0,170.0
989,01_178_COL_LAD_16,0.0,-100.0
990,01_178_ARI_SD_16,0.0,-100.0
991,01_178_NYM_CIN_13,0.0,-100.0
992,01_178_WSH_MIA_13,288.0,188.0
993,01_179_PHI_WSH_19,0.0,-100.0
994,01_179_BOS_TB_19,0.0,-100.0
995,01_179_BAL_TOR_19,172.992700729927,72.992700729927
996,01_179_MIA_NYM_19,293.0,193.0
997,01_180_PHI_WSH_19,0.0,-100.0
998,01_180_MIA_NYM_19,0.0,-100.0
999,01_180_MIN_DET_18,0.0,-100.0
1000,01_180_CHC_PIT_19,276.0,176.0
1001,01_180_BAL_TOR_19,0.0,-100.0
1002,01_180_BOS_TEX_20,0.0,-100.0
1003,01_180_OAK_LAA_22,295.0,195.0
1004,01_180_HOU_SEA_22,0.0,-100.0
1005,01_181_PHI_WSH_19,0.0,-100.0
1006,01_181_MIA_NYM_19,0.0,-100.0
1007,01_181_STL_ARI_15,206.0,106.0
1008,01_181_MIL_CIN_18,0.0,-100.0
1009,01_181_CHC_PIT_19,281.0,181.0
1010,01_181_BAL_TOR_19,162.893081761006,62.893081761006
1011,01_181_BOS_TEX_20,0.0,-100.0
1012,01_181_ATL_KC_20,0.0,-100.0
1013,01_181_HOU_SEA_22,0.0,-100.0
1014,01_182_COL_SF_15,0.0,-100.0
1015,01_182_PHI_WSH_16,0.0,-100.0
1016,01_182_OAK_SEA_22,0.0,-100.0
1017,01_183_ATL_NYM_19,0.0,-100.0
1018,01_183_CLE_WSH_19,184.033613445378,84.033613445378
1019,01_183_CIN_PIT_19,230.0,130.0
1020,01_183_TB_TOR_19,0.0,-100.0
1021,01_183_BAL_BOS_19,0.0,-100.0
1022,01_183_NYY_TEX_20,0.0,-100.0
1023,01_183_MIN_KC_20,0.0,-100.0
1024,01_183_SD_ARI_21,178.740157480315,78.740157480315
1025,01_183_HOU_LAA_22,0.0,-100.0
1026,01_184_ATL_NYM_19,0.0,-100.0
1027,01_184_CHC_STL_19,275.0,175.0
1028,01_184_BAL_BOS_13,0.0,-100.0
1029,01_184_MIL_COL_20,276.0,176.0
1030,01_185_ATL_NYM_15,0.0,-100.0
1031,01_185_CIN_PIT_15,0.0,-100.0
1032,01_185_NYY_TEX_15,263.0,163.0
1033,01_185_MIN_KC_15,269.0,169.0
1034,01_188_TB_OAK_20,226.0,126.0
1035,01_189_STL_ATL_17,226.0,126.0
1036,01_189_WSH_LAD_20,162.5,62.5
1037,01_190_MIN_NYY_19,0.0,-100.0
1038,01_190_TB_HOU_14,147.619047619048,47.619047619048
1039,01_191_TB_HOU_21,0.0,-100.0
1040,01_192_LAD_WSH_19,210.0,110.0
1041,01_193_LAD_WSH_18,0.0,-100.0
1042,01_193_HOU_TB_13,237.0,137.0
1043,01_193_NYY_MIN_20,0.0,-100.0
1044,01_194_HOU_TB_19,320.0,220.0
1045,01_195_WSH_LAD_20,248.0,148.0
1046,01_195_STL_ATL_17,0.0,-100.0
1047,01_196_TB_HOU_19,0.0,-100.0
1048,01_198_NYY_HOU_20,247.0,147.0
1049,01_199_NYY_HOU_20,0.0,-100.0
1050,01_201_HOU_NYY_16,0.0,-100.0
1051,01_201_STL_WSH_20,165.789473684211,65.789473684211
1052,01_203_HOU_NYY_20,0.0,-100.0
1053,01_208_WSH_HOU_20,277.0,177.0
1054,01_209_WSH_HOU_20,265.0,165.0
1055,01_211_HOU_WSH_20,0.0,-100.0
1056,01_212_HOU_WSH_20,0.0,-100.0
1057,01_213_HOU_WSH_20,0.0,-100.0
1058,01_215_WSH_HOU_20,263.0,163.0
1059,01_216_WSH_HOU_20,226.0,126.0
