,id,sports_book,bet_on,amount_bet,odds_bet,chance_to_win,to_win,expected_winnings
0,01_30_BAL_MIN_14,Bookmaker,away,100,226,0.31,326.0,101.06
1,01_30_OAK_TOR_15,BetOnline,away,100,-104,0.52,196.153846153846,102.0
2,01_30_NYY_SF_16,JustBet,away,100,105,0.6,205.0,123.0
3,01_30_MIL_NYM_19,Intertops,away,100,124,0.46,224.0,103.04
4,01_30_LAA_KC_19,Bookmaker,away,100,-112,0.57,189.285714285714,107.892857142857
5,01_30_PIT_LAD_21,Pinnacle,away,100,193,0.35,293.0,102.55
6,01_30_CIN_STL_14,5Dimes,home,100,-126,0.57,179.365079365079,102.238095238095
7,01_30_CLE_HOU_16,JustBet,home,100,-124,0.58,180.645161290323,104.774193548387
8,01_30_SD_WSH_16,5Dimes,home,100,-163,0.63,161.349693251534,101.650306748466
9,01_30_MIA_PHI_18,5Dimes,home,100,-169,0.66,159.171597633136,105.05325443787
10,01_30_COL_ATL_19,5Dimes,home,100,-117,0.57,185.470085470085,105.717948717949
11,01_30_CHC_ARI_20,Heritage,home,100,110,0.52,210.0,109.2
12,01_30_TEX_SEA_21,Bookmaker,home,100,-105,0.54,195.238095238095,105.428571428571
13,01_31_MIL_NYM_13,5Dimes,away,100,113,0.5,213.0,106.5
14,01_31_COL_ATL_13,5Dimes,away,100,150,0.44,250.0,110.0
15,01_31_LAA_KC_14,Pinnacle,away,100,-114,0.55,187.719298245614,103.245614035088
16,01_31_NYY_SF_16,BetOnline,away,100,-117,0.57,185.470085470085,105.717948717949
17,01_31_PIT_LAD_16,BetOnline,away,100,174,0.38,274.0,104.12
18,01_31_MIA_PHI_13,BetOnline,home,100,-155,0.64,164.516129032258,105.290322580645
19,01_31_TB_BOS_13,5Dimes,home,100,-146,0.6,168.493150684931,101.095890410959
20,01_31_SD_WSH_13,Heritage,home,100,-103,0.56,197.087378640777,110.368932038835
21,01_31_BAL_MIN_14,Heritage,home,100,-188,0.68,153.191489361702,104.170212765957
22,01_31_CIN_STL_14,Bookmaker,home,100,-136,0.59,173.529411764706,102.382352941176
23,01_31_CHC_ARI_16,5Dimes,home,100,103,0.5,203.0,101.5
24,01_31_TEX_SEA_16,BetOnline,home,100,-117,0.58,185.470085470085,107.57264957265
25,01_31_CLE_HOU_19,Youwager,home,100,-109,0.55,191.743119266055,105.45871559633
26,01_32_SD_ATL_19,BetOnline,away,100,152,0.42,252.0,105.84
27,01_32_HOU_MIN_19,5Dimes,home,100,158,0.41,258.0,105.78
28,01_32_COL_MIL_19,Pinnacle,home,100,-104,0.54,196.153846153846,105.923076923077
29,01_32_TB_KC_20,5Dimes,home,100,147,0.47,247.0,116.09
30,01_33_OAK_BOS_19,5Dimes,away,100,147,0.46,247.0,113.62
31,01_33_CLE_MIA_19,Bookmaker,away,100,-175,0.67,157.142857142857,105.285714285714
32,01_33_TB_KC_20,Pinnacle,away,100,-169,0.64,159.171597633136,101.869822485207
33,01_33_NYY_ARI_21,BetOnline,away,100,133,0.5,233.0,116.5
34,01_33_LAD_SF_21,Youwager,away,100,-161,0.65,162.111801242236,105.372670807453
35,01_33_TOR_LAA_22,Pinnacle,away,100,120,0.48,220.0,105.6
36,01_33_STL_WSH_19,BetOnline,home,100,100,0.51,200.0,102.0
37,01_33_CIN_NYM_19,BetOnline,home,100,115,0.49,215.0,105.35
38,01_33_SD_ATL_19,BetOnline,home,100,-103,0.55,197.087378640777,108.398058252427
39,01_33_COL_MIL_19,BetOnline,home,100,-102,0.53,198.039215686275,104.960784313725
40,01_33_PIT_TEX_20,5Dimes,home,100,-108,0.53,192.592592592593,102.074074074074
41,01_33_CHC_SEA_22,Youwager,home,100,131,0.46,231.0,106.26
42,01_33_HOU_MIN_19,5Dimes,home,100,151,0.42,251.0,105.42
43,01_35_CIN_NYM_12,BetOnline,away,100,165,0.4,265.0,106.0
44,01_35_TB_KC_14,5Dimes,away,100,-145,0.6,168.965517241379,101.379310344828
45,01_35_STL_WSH_16,Pinnacle,away,100,147,0.43,247.0,106.21
46,01_35_TOR_LAA_22,BetOnline,away,100,137,0.44,237.0,104.28
47,01_35_SD_ATL_12,5Dimes,home,100,-125,0.58,180.0,104.4
48,01_35_COL_MIL_13,5Dimes,home,100,-116,0.56,186.206896551724,104.275862068966
49,01_36_WSH_PHI_19,5Dimes,away,100,148,0.43,248.0,106.64
50,01_36_SEA_CLE_19,5Dimes,away,100,149,0.41,249.0,102.09
51,01_36_LAD_SD_22,5Dimes,away,100,-155,0.62,164.516129032258,102.0
52,01_36_STL_CHC_14,Pinnacle,home,100,104,0.51,204.0,104.04
53,01_36_OAK_PIT_19,Pinnacle,home,100,100,0.52,200.0,104.0
54,01_36_MIN_NYY_19,5Dimes,home,100,-143,0.61,169.93006993007,103.657342657343
55,01_36_TB_BAL_19,5Dimes,home,100,200,0.4,300.0,120.0
56,01_36_SF_CIN_19,Pinnacle,home,100,-150,0.62,166.666666666667,103.333333333333
57,01_36_TOR_TEX_20,5Dimes,home,100,-138,0.59,172.463768115942,101.753623188406
58,01_36_NYM_MIL_20,Pinnacle,home,100,-116,0.57,186.206896551724,106.137931034483
59,01_36_ARI_COL_20,Intertops,home,100,105,0.5,205.0,102.5
60,01_37_WSH_PHI_19,Bookmaker,away,100,109,0.49,209.0,102.41
61,01_37_LAD_SD_20,Pinnacle,away,100,-117,0.6,185.470085470085,111.282051282051
62,01_37_OAK_PIT_19,BetOnline,home,100,100,0.51,200.0,102.0
63,01_37_TB_BAL_19,BetOnline,home,100,160,0.39,260.0,101.4
64,01_37_NYM_MIL_19,Bookmaker,home,100,-114,0.54,187.719298245614,101.368421052632
65,01_37_ARI_COL_20,Bookmaker,home,100,-126,0.57,179.365079365079,102.238095238095
66,01_38_ATL_MIA_13,Pinnacle,away,100,-116,0.59,186.206896551724,109.862068965517
67,01_38_WSH_PHI_14,BetOnline,away,100,150,0.46,250.0,115.0
68,01_38_TOR_TEX_15,Intertops,away,100,123,0.5,223.0,111.5
69,01_38_ARI_COL_15,Bookmaker,away,100,122,0.47,222.0,104.34
70,01_38_STL_CHC_19,Youwager,away,100,132,0.45,232.0,104.4
71,01_38_SEA_CLE_13,Intertops,home,100,-122,0.57,181.967213114754,103.72131147541
72,01_38_NYM_MIL_14,Intertops,home,100,-130,0.6,176.923076923077,106.153846153846
73,01_38_MIN_NYY_16,Youwager,home,100,-122,0.59,181.967213114754,107.360655737705
74,01_38_HOU_LAA_16,Pinnacle,home,100,198,0.34,298.0,101.32
75,01_39_ARI_TB_19,BetOnline,away,100,181,0.37,281.0,103.97
76,01_39_SEA_NYY_18,5Dimes,home,100,-140,0.64,171.428571428571,109.714285714286
77,01_39_BOS_BAL_19,BetOnline,home,100,174,0.41,274.0,112.34
78,01_39_MIN_TOR_19,Bookmaker,home,100,-105,0.52,195.238095238095,101.52380952381
79,01_39_WSH_MIL_19,5Dimes,home,100,111,0.52,211.0,109.72
80,01_39_PHI_STL_20,5Dimes,home,100,-125,0.58,180.0,104.4
81,01_39_MIA_CHC_20,5Dimes,home,100,-245,0.72,140.816326530612,101.387755102041
82,01_39_ATL_LAD_22,Youwager,home,100,-142,0.61,170.422535211268,103.957746478873
83,01_40_TEX_PIT_19,5Dimes,away,100,127,0.47,227.0,106.69
84,01_40_SEA_NYY_18,Pinnacle,home,100,-143,0.63,169.93006993007,107.055944055944
85,01_40_MIN_TOR_19,Bookmaker,home,100,131,0.44,231.0,101.64
86,01_40_LAA_DET_19,5Dimes,home,100,127,0.46,227.0,104.42
87,01_40_MIA_CHC_20,BetOnline,home,100,-152,0.67,165.789473684211,111.078947368421
88,01_40_KC_HOU_20,Pinnacle,home,100,-208,0.69,148.076923076923,102.173076923077
89,01_40_SF_COL_20,Heritage,home,100,-112,0.57,189.285714285714,107.892857142857
90,01_40_CIN_OAK_22,BetOnline,home,100,-110,0.59,190.909090909091,112.636363636364
91,01_40_NYM_SD_22,JustBet,home,100,129,0.48,229.0,109.92
92,01_41_WSH_MIL_13,5Dimes,away,100,175,0.41,275.0,112.75
93,01_41_PHI_STL_13,5Dimes,away,100,145,0.43,245.0,105.35
94,01_41_MIN_TOR_19,Pinnacle,away,100,-106,0.53,194.339622641509,103.0
95,01_41_LAA_DET_19,Pinnacle,away,100,-106,0.53,194.339622641509,103.0
96,01_41_ATL_LAD_22,5Dimes,away,100,170,0.39,270.0,105.3
97,01_41_SEA_NYY_18,JustBet,home,100,-135,0.61,174.074074074074,106.185185185185
98,01_41_BOS_BAL_19,5Dimes,home,100,260,0.3,360.0,108.0
99,01_41_CIN_OAK_22,5Dimes,home,100,-108,0.55,192.592592592593,105.925925925926
100,01_42_CIN_OAK_15,Pinnacle,away,100,139,0.43,239.0,102.77
101,01_42_TEX_HOU_20,5Dimes,away,100,153,0.4,253.0,101.2
102,01_42_MIA_CHC_14,Bookmaker,home,100,-190,0.67,152.631578947368,102.263157894737
103,01_42_SF_COL_15,Youwager,home,100,-151,0.62,166.225165562914,103.059602649007
104,01_42_SEA_NYY_18,BetOnline,home,100,-162,0.63,161.728395061728,101.888888888889
105,01_42_ATL_ARI_21,5Dimes,home,100,108,0.51,208.0,106.08
106,01_42_WSH_LAD_22,5Dimes,home,100,-142,0.6,170.422535211268,102.253521126761
107,01_43_MIL_CHC_14,5Dimes,away,100,128,0.46,228.0,104.88
108,01_43_NYY_TB_19,5Dimes,away,100,146,0.49,246.0,120.54
109,01_43_SEA_BOS_19,5Dimes,away,100,187,0.38,287.0,109.06
110,01_43_PIT_STL_20,Pinnacle,away,100,138,0.44,238.0,104.72
111,01_43_WSH_LAD_22,5Dimes,away,100,187,0.39,287.0,111.93
112,01_43_LAA_BAL_19,5Dimes,home,100,163,0.43,263.0,113.09
113,01_43_MIA_NYM_19,5Dimes,home,100,-182,0.66,154.945054945055,102.263736263736
114,01_43_ATL_ARI_21,5Dimes,home,100,-127,0.57,178.740157480315,101.88188976378
115,01_43_CIN_SF_22,5Dimes,home,100,148,0.45,248.0,111.6
116,01_44_SEA_BOS_13,5Dimes,away,100,177,0.38,277.0,105.26
117,01_44_MIL_CHC_14,BetOnline,away,100,140,0.47,240.0,112.8
118,01_44_PIT_STL_14,BetOnline,home,100,-160,0.65,162.5,105.625
119,01_44_CLE_OAK_16,5Dimes,home,100,130,0.46,230.0,105.8
120,01_44_PHI_KC_19,5Dimes,home,100,126,0.47,226.0,106.22
121,01_44_SD_COL_20,BetOnline,home,100,-130,0.58,176.923076923077,102.615384615385
122,01_44_CIN_SF_21,5Dimes,home,100,117,0.5,217.0,108.5
123,01_44_WSH_LAD_21,BetOnline,home,100,-119,0.58,184.033613445378,106.739495798319
124,01_45_NYY_TB_13,5Dimes,away,100,157,0.46,257.0,118.22
125,01_45_DET_MIN_14,5Dimes,away,100,183,0.36,283.0,101.88
126,01_45_PIT_STL_14,5Dimes,away,100,143,0.42,243.0,102.06
127,01_45_CLE_OAK_16,5Dimes,away,100,127,0.45,227.0,102.15
128,01_45_WSH_LAD_16,5Dimes,away,100,147,0.41,247.0,101.27
129,01_45_MIL_CHC_19,5Dimes,away,100,126,0.47,226.0,106.22
130,01_45_LAA_BAL_13,5Dimes,home,100,149,0.43,249.0,107.07
131,01_45_MIA_NYM_13,BetOnline,home,100,-172,0.64,158.139534883721,101.209302325581
132,01_45_CIN_SF_16,Heritage,home,100,-111,0.54,190.09009009009,102.648648648649
133,01_46_HOU_DET_19,BetOnline,away,100,-142,0.61,170.422535211268,103.957746478873
134,01_46_OAK_SEA_22,5Dimes,away,100,119,0.48,219.0,105.12
135,01_46_BAL_NYY_18,Pinnacle,home,100,-230,0.71,143.478260869565,101.869565217391
136,01_46_LAA_MIN_19,5Dimes,home,100,-141,0.6,170.921985815603,102.553191489362
137,01_46_PIT_ARI_21,5Dimes,home,100,-154,0.63,164.935064935065,103.909090909091
138,01_47_COL_BOS_19,5Dimes,away,100,248,0.36,348.0,125.28
139,01_47_HOU_DET_19,5Dimes,away,100,-183,0.69,154.644808743169,106.704918032787
140,01_47_TB_MIA_19,Pinnacle,away,100,-136,0.61,173.529411764706,105.852941176471
141,01_47_PIT_ARI_21,5Dimes,away,100,140,0.43,240.0,103.2
142,01_47_BAL_NYY_18,BetOnline,home,100,-217,0.73,146.082949308756,106.640552995392
143,01_47_CHC_CIN_18,5Dimes,home,100,123,0.46,223.0,102.58
144,01_47_MIL_PHI_19,5Dimes,home,100,104,0.53,204.0,108.12
145,01_47_NYM_WSH_19,5Dimes,home,100,146,0.48,246.0,118.08
146,01_47_STL_ATL_19,Intertops,home,100,114,0.51,214.0,109.14
147,01_47_LAA_MIN_19,5Dimes,home,100,-126,0.58,179.365079365079,104.031746031746
148,01_47_OAK_SEA_22,5Dimes,home,100,104,0.51,204.0,104.04
149,01_47_SD_LAD_22,BetOnline,home,100,-155,0.62,164.516129032258,102.0
150,01_48_CHC_CIN_18,5Dimes,away,100,110,0.49,210.0,102.9
151,01_48_MIL_PHI_19,5Dimes,away,100,113,0.49,213.0,104.37
152,01_48_NYM_WSH_19,5Dimes,away,100,150,0.43,250.0,107.5
153,01_48_COL_BOS_19,5Dimes,away,100,141,0.46,241.0,110.86
154,01_48_STL_ATL_19,5Dimes,away,100,134,0.46,234.0,107.64
155,01_48_TEX_KC_20,5Dimes,away,100,-123,0.57,181.30081300813,103.341463414634
156,01_48_LAA_MIN_13,5Dimes,home,100,-140,0.6,171.428571428571,102.857142857143
157,01_48_SD_LAD_22,BetOnline,home,100,-144,0.61,169.444444444444,103.361111111111
158,01_49_MIL_PHI_13,5Dimes,away,100,111,0.5,211.0,105.5
159,01_49_TEX_KC_13,5Dimes,away,100,101,0.52,201.0,104.52
160,01_49_BAL_CLE_18,5Dimes,away,100,285,0.27,385.0,103.95
161,01_49_CHC_CIN_18,5Dimes,away,100,117,0.47,217.0,101.99
162,01_49_PIT_SD_22,5Dimes,away,100,119,0.52,219.0,113.88
163,01_49_NYM_WSH_13,5Dimes,home,100,134,0.49,234.0,114.66
164,01_49_OAK_DET_13,BetOnline,home,100,132,0.46,232.0,106.72
165,01_49_STL_ATL_19,Pinnacle,home,100,-106,0.54,194.339622641509,104.943396226415
166,01_49_MIN_SEA_22,5Dimes,home,100,112,0.49,212.0,103.88
167,01_50_CHC_WSH_19,5Dimes,away,100,141,0.45,241.0,108.45
168,01_50_MIL_ATL_19,5Dimes,away,100,132,0.5,232.0,116.0
169,01_50_KC_LAA_22,5Dimes,away,100,146,0.42,246.0,103.32
170,01_50_PIT_SD_22,5Dimes,away,100,147,0.46,247.0,113.62
171,01_50_COL_PHI_19,5Dimes,home,100,-114,0.54,187.719298245614,101.368421052632
172,01_50_OAK_DET_19,5Dimes,home,100,152,0.42,252.0,105.84
173,01_50_BAL_CLE_19,5Dimes,home,100,-173,0.65,157.803468208092,102.57225433526
174,01_50_NYM_MIA_19,5Dimes,home,100,215,0.34,315.0,107.1
175,01_50_MIN_SEA_22,Bookmaker,home,100,110,0.52,210.0,109.2
176,01_51_COL_PHI_16,5Dimes,away,100,166,0.4,266.0,106.4
177,01_51_LAD_CIN_16,5Dimes,away,100,-140,0.62,171.428571428571,106.285714285714
178,01_51_OAK_DET_16,Bookmaker,away,100,-113,0.54,188.495575221239,101.787610619469
179,01_51_NYM_MIA_16,Pinnacle,away,100,-123,0.58,181.30081300813,105.154471544715
180,01_51_CHC_WSH_19,5Dimes,away,100,137,0.48,237.0,113.76
181,01_51_MIL_ATL_19,5Dimes,away,100,111,0.5,211.0,105.5
182,01_51_KC_LAA_22,5Dimes,away,100,158,0.4,258.0,103.2
183,01_51_TB_NYY_13,5Dimes,home,100,119,0.54,219.0,118.26
184,01_51_STL_TEX_16,5Dimes,home,100,119,0.49,219.0,107.31
185,01_51_BAL_CLE_16,BetOnline,home,100,-136,0.62,173.529411764706,107.588235294118
186,01_51_MIN_SEA_22,Pinnacle,home,100,129,0.45,229.0,103.05
187,01_52_HOU_BOS_13,Pinnacle,away,100,146,0.44,246.0,108.24
188,01_52_COL_PHI_13,Youwager,away,100,135,0.46,235.0,108.1
189,01_52_CHC_WSH_19,5Dimes,away,100,-120,0.57,183.333333333333,104.5
190,01_52_OAK_DET_13,Bookmaker,home,100,173,0.39,273.0,106.47
191,01_52_NYM_MIA_13,5Dimes,home,100,195,0.36,295.0,106.2
192,01_52_LAD_CIN_13,5Dimes,home,100,174,0.42,274.0,115.08
193,01_52_MIL_ATL_13,5Dimes,home,100,120,0.5,220.0,110.0
194,01_52_STL_TEX_15,5Dimes,home,100,147,0.45,247.0,111.15
195,01_52_SF_ARI_16,5Dimes,home,100,-161,0.64,162.111801242236,103.751552795031
196,01_53_OAK_CLE_18,Youwager,away,100,160,0.4,260.0,104.0
197,01_53_NYY_BAL_19,5Dimes,away,100,-176,0.67,156.818181818182,105.068181818182
198,01_53_PHI_CHC_20,5Dimes,away,100,122,0.46,222.0,102.12
199,01_53_SEA_TEX_20,5Dimes,away,100,139,0.43,239.0,102.77
200,01_53_ARI_SD_22,5Dimes,away,100,137,0.47,237.0,111.39
201,01_53_BOS_TOR_13,5Dimes,home,100,190,0.38,290.0,110.2
202,01_54_NYY_BAL_19,5Dimes,away,100,-200,0.68,150.0,102.0
203,01_54_COL_PIT_19,5Dimes,away,100,-112,0.54,189.285714285714,102.214285714286
204,01_54_ATL_SF_21,5Dimes,away,100,-105,0.56,195.238095238095,109.333333333333
205,01_54_MIN_LAA_22,5Dimes,away,100,106,0.5,206.0,103.0
206,01_54_ARI_SD_22,Pinnacle,away,100,103,0.53,203.0,107.59
207,01_54_WSH_NYM_19,BetOnline,home,100,-130,0.6,176.923076923077,106.153846153846
208,01_54_MIA_DET_19,5Dimes,home,100,-103,0.55,197.087378640777,108.398058252427
209,01_54_CIN_MIL_19,Youwager,home,100,-125,0.59,180.0,106.2
210,01_54_KC_STL_20,Pinnacle,home,100,-162,0.65,161.728395061728,105.123456790123
211,01_55_ARI_SD_15,5Dimes,away,100,125,0.49,225.0,110.25
212,01_55_NYY_BAL_19,5Dimes,away,100,-205,0.68,148.780487804878,101.170731707317
213,01_55_CIN_MIL_13,Heritage,home,100,108,0.56,208.0,116.48
214,01_55_OAK_CLE_13,Bookmaker,home,100,112,0.49,212.0,103.88
215,01_55_SEA_TEX_14,5Dimes,home,100,112,0.48,212.0,101.76
216,01_55_COL_PIT_19,5Dimes,home,100,112,0.5,212.0,106.0
217,01_55_BOS_TOR_19,5Dimes,home,100,142,0.44,242.0,106.48
218,01_55_MIA_DET_19,5Dimes,home,100,-116,0.55,186.206896551724,102.413793103448
219,01_55_WSH_NYM_19,5Dimes,home,100,-107,0.54,193.457943925234,104.467289719626
220,01_55_MIN_LAA_21,5Dimes,home,100,107,0.49,207.0,101.43
221,01_55_ATL_SF_21,5Dimes,home,100,141,0.44,241.0,106.04
222,01_56_NYY_BAL_12,5Dimes,away,100,-196,0.7,151.020408163265,105.714285714286
223,01_56_COL_PIT_12,BetOnline,away,100,132,0.49,232.0,113.68
224,01_56_MIA_DET_13,5Dimes,away,100,156,0.42,256.0,107.52
225,01_56_ATL_SF_15,5Dimes,away,100,-104,0.52,196.153846153846,102.0
226,01_56_WSH_NYM_12,BetOnline,home,100,143,0.48,243.0,116.64
227,01_56_PHI_CHC_14,5Dimes,home,100,-106,0.52,194.339622641509,101.056603773585
228,01_56_TB_CLE_18,BetOnline,home,100,167,0.48,267.0,128.16
229,01_57_ATL_STL_20,5Dimes,away,100,138,0.43,238.0,102.34
230,01_57_TEX_LAA_22,5Dimes,away,100,151,0.44,251.0,110.44
231,01_57_SEA_OAK_22,BetOnline,away,100,159,0.41,259.0,106.19
232,01_57_CIN_CHC_14,5Dimes,home,100,-156,0.62,164.102564102564,101.74358974359
233,01_57_MIA_WSH_19,5Dimes,home,100,-138,0.61,172.463768115942,105.202898550725
234,01_57_SD_TOR_19,Bookmaker,home,100,114,0.52,214.0,111.28
235,01_57_TB_CLE_19,5Dimes,home,100,131,0.47,231.0,108.57
236,01_57_BOS_HOU_20,BetOnline,home,100,125,0.5,225.0,112.5
237,01_58_NYY_KC_14,Heritage,away,100,-128,0.62,178.125,110.4375
238,01_58_ARI_SF_16,5Dimes,away,100,109,0.51,209.0,106.59
239,01_58_TB_CLE_16,5Dimes,away,100,118,0.47,218.0,102.46
240,01_58_TEX_LAA_22,5Dimes,away,100,117,0.49,217.0,106.33
241,01_58_SD_TOR_15,Bookmaker,home,100,109,0.5,209.0,104.5
242,01_58_MIA_WSH_16,5Dimes,home,100,-215,0.69,146.511627906977,101.093023255814
243,01_58_SEA_OAK_16,BetOnline,home,100,-125,0.57,180.0,102.6
244,01_58_PHI_MIL_16,BetOnline,home,100,-120,0.56,183.333333333333,102.666666666667
245,01_58_LAD_PIT_19,5Dimes,home,100,166,0.41,266.0,109.06
246,01_58_BAL_COL_21,BetOnline,home,100,-180,0.68,155.555555555556,105.777777777778
247,01_59_PHI_MIL_14,5Dimes,away,100,150,0.45,250.0,112.5
248,01_59_NYY_KC_14,Pinnacle,away,100,-149,0.62,167.114093959732,103.610738255034
249,01_59_CIN_CHC_14,5Dimes,away,100,147,0.41,247.0,101.27
250,01_59_BAL_COL_15,5Dimes,away,100,275,0.27,375.0,101.25
251,01_59_ARI_SF_16,5Dimes,away,100,-111,0.55,190.09009009009,104.54954954955
252,01_59_TEX_LAA_16,5Dimes,away,100,153,0.41,253.0,103.73
253,01_59_ATL_STL_19,BetOnline,away,100,137,0.45,237.0,106.65
254,01_59_SD_TOR_13,BetOnline,home,100,123,0.47,223.0,104.81
255,01_59_LAD_PIT_13,5Dimes,home,100,152,0.43,252.0,108.36
256,01_59_BOS_HOU_14,Pinnacle,home,100,-170,0.65,158.823529411765,103.235294117647
257,01_60_MIA_WSH_13,5Dimes,away,100,260,0.3,360.0,108.0
258,01_60_PIT_CIN_13,5Dimes,away,100,205,0.36,305.0,109.8
259,01_60_CHC_HOU_14,5Dimes,away,100,179,0.38,279.0,106.02
260,01_60_ARI_COL_15,Pinnacle,away,100,102,0.52,202.0,105.04
261,01_60_CLE_BOS_16,5Dimes,away,100,180,0.39,280.0,109.2
262,01_60_PIT_CIN_19,5Dimes,away,100,148,0.42,248.0,104.16
263,01_60_NYM_LAD_20,5Dimes,away,100,156,0.43,256.0,110.08
264,01_60_TEX_SEA_21,Bookmaker,away,100,107,0.5,207.0,103.5
265,01_60_MIL_MIN_19,Pinnacle,home,100,-110,0.53,190.909090909091,101.181818181818
266,01_61_STL_PHI_19,5Dimes,away,100,116,0.47,216.0,101.52
267,01_61_SF_MIA_19,5Dimes,away,100,102,0.51,202.0,103.02
268,01_61_CLE_BOS_19,BetOnline,away,100,194,0.36,294.0,105.84
269,01_61_MIL_MIN_20,Pinnacle,away,100,137,0.48,237.0,113.76
270,01_61_ARI_COL_20,5Dimes,away,100,128,0.46,228.0,104.88
271,01_61_SD_NYY_18,5Dimes,home,100,-172,0.69,158.139534883721,109.116279069767
272,01_61_DET_BAL_19,5Dimes,home,100,110,0.49,210.0,102.9
273,01_61_WSH_ATL_19,5Dimes,home,100,-106,0.53,194.339622641509,103.0
274,01_62_TEX_SEA_15,Intertops,away,100,120,0.47,220.0,103.4
275,01_62_STL_PHI_19,Heritage,away,100,154,0.4,254.0,101.6
276,01_62_SF_MIA_19,5Dimes,away,100,-113,0.54,188.495575221239,101.787610619469
277,01_62_TOR_TB_19,5Dimes,away,100,222,0.32,322.0,103.04
278,01_62_SD_NYY_13,5Dimes,home,100,-129,0.64,177.519379844961,113.612403100775
279,01_62_LAA_OAK_15,BetOnline,home,100,103,0.56,203.0,113.68
280,01_62_DET_BAL_19,5Dimes,home,100,-122,0.58,181.967213114754,105.540983606557
281,01_62_CHC_HOU_20,5Dimes,home,100,100,0.56,200.0,112.0
282,01_62_ARI_COL_20,5Dimes,home,100,114,0.49,214.0,104.86
283,01_63_ARI_COL_15,5Dimes,away,100,133,0.44,233.0,102.52
284,01_63_NYM_LAD_22,5Dimes,away,100,240,0.34,340.0,115.6
285,01_63_LAA_SEA_22,5Dimes,away,100,114,0.48,214.0,102.72
286,01_63_STL_PHI_13,5Dimes,home,100,-107,0.56,193.457943925234,108.336448598131
287,01_63_BOS_NYY_19,5Dimes,home,100,150,0.51,250.0,127.5
288,01_63_MIN_TB_19,5Dimes,home,100,-126,0.57,179.365079365079,102.238095238095
289,01_63_KC_TEX_20,BetOnline,home,100,-143,0.63,169.93006993007,107.055944055944
290,01_64_BOS_NYY_19,Bookmaker,away,100,114,0.49,214.0,104.86
291,01_64_MIL_PIT_19,5Dimes,away,100,-107,0.55,193.457943925234,106.401869158878
292,01_64_WSH_CIN_19,5Dimes,away,100,1300,0.53,1400.0,742.0
293,01_64_TOR_COL_20,5Dimes,away,100,225,0.32,325.0,104.0
294,01_64_MIA_SD_22,5Dimes,away,100,157,0.4,257.0,102.8
295,01_64_PHI_LAD_22,5Dimes,away,100,150,0.41,250.0,102.5
296,01_64_SF_BAL_19,5Dimes,home,100,115,0.5,215.0,107.5
297,01_64_DET_ATL_19,5Dimes,home,100,-164,0.64,160.975609756098,103.024390243902
298,01_64_KC_TEX_20,Pinnacle,home,100,-108,0.54,192.592592592593,104.0
299,01_65_DET_ATL_16,Pinnacle,away,100,221,0.32,321.0,102.72
300,01_65_LAA_SEA_19,Bookmaker,away,100,-105,0.53,195.238095238095,103.47619047619
301,01_65_CHC_STL_19,5Dimes,away,100,132,0.45,232.0,104.4
302,01_65_HOU_OAK_22,Pinnacle,away,100,-148,0.61,167.567567567568,102.216216216216
303,01_65_PHI_LAD_22,BetOnline,away,100,183,0.37,283.0,104.71
304,01_65_SF_BAL_16,5Dimes,home,100,132,0.47,232.0,109.04
305,01_65_MIL_PIT_16,5Dimes,home,100,168,0.4,268.0,107.2
306,01_65_KC_TEX_16,BetOnline,home,100,-157,0.62,163.694267515924,101.490445859873
307,01_65_WSH_CIN_16,5Dimes,home,100,-121,0.58,182.644628099174,105.933884297521
308,01_65_TOR_COL_21,5Dimes,home,100,-140,0.59,171.428571428571,101.142857142857
309,01_65_NYM_ARI_22,5Dimes,home,100,-101,0.53,199.009900990099,105.475247524752
310,01_66_SF_BAL_13,5Dimes,away,100,100,0.51,200.0,102.0
311,01_66_KC_TEX_15,5Dimes,away,100,124,0.47,224.0,105.28
312,01_66_HOU_OAK_16,5Dimes,away,100,-129,0.58,177.519379844961,102.961240310078
313,01_66_MIA_SD_18,BetOnline,away,100,176,0.37,276.0,102.12
314,01_66_WSH_CIN_13,5Dimes,home,100,120,0.48,220.0,105.6
315,01_66_DET_ATL_13,Pinnacle,home,100,-158,0.62,163.291139240506,101.240506329114
316,01_66_PHI_LAD_16,5Dimes,home,100,-165,0.63,160.606060606061,101.181818181818
317,01_66_LAA_SEA_16,5Dimes,home,100,-105,0.52,195.238095238095,101.52380952381
318,01_66_BOS_NYY_19,5Dimes,home,100,112,0.54,212.0,114.48
319,01_67_LAA_CHC_16,5Dimes,away,100,155,0.43,255.0,109.65
320,01_67_HOU_SEA_22,5Dimes,away,100,-122,0.56,181.967213114754,101.901639344262
321,01_67_PHI_SD_22,BetOnline,away,100,-125,0.57,180.0,102.6
322,01_67_LAD_ARI_21,5Dimes,home,100,142,0.44,242.0,106.48
323,01_68_NYY_TOR_19,BetOnline,away,100,-175,0.68,157.142857142857,106.857142857143
324,01_68_MIN_CLE_19,Intertops,away,100,123,0.48,223.0,107.04
325,01_68_COL_CHC_20,Youwager,away,100,180,0.39,280.0,109.2
326,01_68_OAK_LAA_22,BetOnline,away,100,116,0.49,216.0,105.84
327,01_68_PHI_SD_22,5Dimes,away,100,151,0.48,251.0,120.48
328,01_68_ATL_PIT_19,5Dimes,home,100,161,0.46,261.0,120.06
329,01_68_TB_DET_19,Bookmaker,home,100,244,0.3,344.0,103.2
330,01_68_MIA_MIL_19,5Dimes,home,100,-171,0.69,158.479532163743,109.350877192982
331,01_68_BAL_TEX_20,5Dimes,home,100,-114,0.63,187.719298245614,118.263157894737
332,01_68_BOS_KC_20,5Dimes,home,100,179,0.39,279.0,108.81
333,01_68_CIN_STL_20,5Dimes,home,100,109,0.51,209.0,106.59
334,01_68_LAD_ARI_21,Pinnacle,home,100,202,0.38,302.0,114.76
335,01_69_MIN_CLE_19,5Dimes,away,100,124,0.46,224.0,103.04
336,01_69_COL_CHC_20,5Dimes,away,100,108,0.51,208.0,106.08
337,01_69_CIN_STL_20,5Dimes,away,100,132,0.44,232.0,102.08
338,01_69_HOU_SEA_22,5Dimes,away,100,-154,0.62,164.935064935065,102.25974025974
339,01_69_LAD_ARI_15,5Dimes,home,100,146,0.42,246.0,103.32
340,01_69_ATL_PIT_19,5Dimes,home,100,114,0.49,214.0,104.86
341,01_69_NYY_TOR_19,5Dimes,home,100,200,0.36,300.0,108.0
342,01_69_SF_NYM_19,Pinnacle,home,100,-130,0.61,176.923076923077,107.923076923077
343,01_69_BAL_TEX_20,5Dimes,home,100,-165,0.65,160.606060606061,104.393939393939
344,01_69_BOS_KC_20,5Dimes,home,100,200,0.34,300.0,102.0
345,01_70_SF_NYM_12,5Dimes,away,100,168,0.38,268.0,101.84
346,01_70_MIA_MIL_14,5Dimes,away,100,183,0.38,283.0,107.54
347,01_70_HOU_SEA_15,5Dimes,away,100,-176,0.7,156.818181818182,109.772727272727
348,01_70_OAK_LAA_22,5Dimes,away,100,120,0.49,220.0,107.8
349,01_70_WSH_SD_22,Bookmaker,away,100,101,0.52,201.0,104.52
350,01_70_ATL_PIT_12,5Dimes,home,100,116,0.49,216.0,105.84
351,01_70_MIN_CLE_19,Bookmaker,home,100,101,0.51,201.0,102.51
352,01_70_BAL_TEX_20,Heritage,home,100,-148,0.65,167.567567567568,108.918918918919
353,01_71_STL_CHC_14,5Dimes,away,100,120,0.47,220.0,103.4
354,01_71_ARI_TOR_19,5Dimes,away,100,137,0.49,237.0,116.13
355,01_71_MIN_DET_19,5Dimes,away,100,-129,0.59,177.519379844961,104.736434108527
356,01_71_COL_NYM_19,5Dimes,away,100,186,0.4,286.0,114.4
357,01_71_PIT_MIL_20,5Dimes,away,100,215,0.35,315.0,110.25
358,01_71_SEA_LAA_22,5Dimes,away,100,160,0.4,260.0,104.0
359,01_71_WSH_SD_22,5Dimes,away,100,103,0.51,203.0,103.53
360,01_71_ATL_MIA_19,Bookmaker,home,100,178,0.39,278.0,108.42
361,01_71_NYY_CLE_19,5Dimes,home,100,120,0.46,220.0,101.2
362,01_71_OAK_TEX_20,5Dimes,home,100,104,0.51,204.0,104.04
363,01_71_BAL_HOU_20,5Dimes,home,100,-320,0.77,131.25,101.0625
364,01_72_TB_BOS_13,5Dimes,away,100,150,0.43,250.0,107.5
365,01_72_ARI_TOR_15,5Dimes,away,100,-134,0.58,174.626865671642,101.283582089552
366,01_72_CIN_PHI_16,5Dimes,away,100,130,0.45,230.0,103.5
367,01_72_COL_NYM_19,BetOnline,away,100,105,0.52,205.0,106.6
368,01_72_PIT_MIL_16,BetOnline,home,100,-152,0.62,165.789473684211,102.789473684211
369,01_72_BAL_HOU_16,5Dimes,home,100,-230,0.73,143.478260869565,104.739130434783
370,01_72_LAD_SF_19,5Dimes,home,100,215,0.36,315.0,113.4
371,01_72_STL_CHC_19,Bookmaker,home,100,106,0.52,206.0,107.12
372,01_72_WSH_SD_22,5Dimes,home,100,149,0.43,249.0,107.07
373,01_73_ARI_TOR_13,Pinnacle,away,100,-126,0.58,179.365079365079,104.031746031746
374,01_73_COL_NYM_13,5Dimes,away,100,178,0.44,278.0,122.32
375,01_73_PIT_MIL_14,Pinnacle,away,100,169,0.38,269.0,102.22
376,01_73_LAD_SF_16,5Dimes,away,100,-153,0.63,165.359477124183,104.176470588235
377,01_73_SEA_LAA_16,Youwager,away,100,135,0.44,235.0,103.4
378,01_73_WSH_SD_16,Bookmaker,away,100,-105,0.53,195.238095238095,103.47619047619
379,01_73_STL_CHC_19,5Dimes,away,100,151,0.41,251.0,102.91
380,01_73_CIN_PHI_13,5Dimes,home,100,-126,0.59,179.365079365079,105.825396825397
381,01_73_BAL_HOU_14,Pinnacle,home,100,-184,0.73,154.347826086957,112.673913043478
382,01_73_OAK_TEX_15,5Dimes,home,100,166,0.46,266.0,122.36
383,01_74_TEX_BOS_19,5Dimes,away,100,240,0.36,340.0,122.4
384,01_74_PIT_ATL_19,5Dimes,away,100,145,0.44,245.0,107.8
385,01_74_LAD_LAA_22,5Dimes,home,100,165,0.41,265.0,108.65
386,01_75_SEA_MIN_20,5Dimes,away,100,173,0.41,273.0,111.93
387,01_75_DET_KC_20,5Dimes,away,100,117,0.47,217.0,101.99
388,01_75_NYM_NYY_19,BetOnline,home,100,-170,0.65,158.823529411765,103.235294117647
389,01_75_TOR_BAL_19,5Dimes,home,100,111,0.5,211.0,105.5
390,01_75_CIN_CLE_19,5Dimes,home,100,-117,0.56,185.470085470085,103.863247863248
391,01_75_PIT_ATL_19,Pinnacle,home,100,-136,0.59,173.529411764706,102.382352941176
392,01_75_MIL_HOU_20,Pinnacle,home,100,-115,0.61,186.95652173913,114.04347826087
393,01_75_CHC_COL_20,5Dimes,home,100,119,0.5,219.0,109.5
394,01_75_SD_SF_21,5Dimes,home,100,154,0.44,254.0,111.76
395,01_76_TEX_BOS_16,5Dimes,away,100,143,0.42,243.0,102.06
396,01_76_ARI_PHI_19,5Dimes,away,100,132,0.44,232.0,102.08
397,01_76_TOR_BAL_19,Pinnacle,away,100,-104,0.52,196.153846153846,102.0
398,01_76_STL_MIA_19,5Dimes,away,100,-149,0.62,167.114093959732,103.610738255034
399,01_76_SEA_MIN_20,5Dimes,away,100,205,0.34,305.0,103.7
400,01_76_DET_KC_20,Pinnacle,away,100,140,0.43,240.0,103.2
401,01_76_CIN_CLE_13,Pinnacle,home,100,-125,0.58,180.0,104.4
402,01_76_CHC_COL_15,5Dimes,home,100,136,0.48,236.0,113.28
403,01_76_MIL_HOU_20,Pinnacle,home,100,-122,0.65,181.967213114754,118.27868852459
404,01_76_SD_SF_21,Intertops,home,100,130,0.48,230.0,110.4
405,01_77_ARI_WSH_19,5Dimes,away,100,-115,0.55,186.95652173913,102.826086956522
406,01_77_TEX_BOS_19,Bookmaker,away,100,209,0.35,309.0,108.15
407,01_77_CHC_LAD_22,5Dimes,away,100,176,0.39,276.0,107.64
408,01_77_PIT_ATL_12,5Dimes,home,100,-144,0.61,169.444444444444,103.361111111111
409,01_77_TOR_BAL_19,5Dimes,home,100,135,0.45,235.0,105.75
410,01_78_ARI_WSH_19,5Dimes,away,100,182,0.42,282.0,118.44
411,01_78_CLE_DET_19,Pinnacle,away,100,-140,0.61,171.428571428571,104.571428571429
412,01_78_STL_NYM_19,5Dimes,away,100,124,0.5,224.0,112.0
413,01_78_PHI_ATL_19,Intertops,away,100,133,0.46,233.0,107.18
414,01_78_KC_MIN_20,5Dimes,away,100,210,0.34,310.0,105.4
415,01_78_SEA_OAK_21,5Dimes,away,100,173,0.4,273.0,109.2
416,01_78_MIL_SF_22,5Dimes,away,100,-136,0.61,173.529411764706,105.852941176471
417,01_78_SD_COL_20,BetOnline,home,100,-110,0.57,190.909090909091,108.818181818182
418,01_78_CHC_LAD_22,Bookmaker,home,100,-126,0.57,179.365079365079,102.238095238095
419,01_79_ARI_WSH_16,5Dimes,away,100,205,0.39,305.0,118.95
420,01_79_MIL_SF_16,Pinnacle,away,100,105,0.55,205.0,112.75
421,01_79_PIT_MIA_18,5Dimes,away,100,129,0.52,229.0,119.08
422,01_79_STL_NYM_19,5Dimes,away,100,141,0.46,241.0,110.86
423,01_79_TEX_CIN_19,Bookmaker,away,100,106,0.5,206.0,103.0
424,01_79_PHI_ATL_19,5Dimes,away,100,-101,0.51,199.009900990099,101.495049504951
425,01_79_CHC_LAD_21,5Dimes,away,100,187,0.36,287.0,103.32
426,01_79_BOS_BAL_16,5Dimes,home,100,270,0.29,370.0,107.3
427,01_79_TOR_HOU_16,5Dimes,home,100,-215,0.7,146.511627906977,102.558139534884
428,01_80_PIT_MIA_13,5Dimes,away,100,-112,0.54,189.285714285714,102.214285714286
429,01_80_CLE_DET_13,BetOnline,away,100,-146,0.61,168.493150684931,102.780821917808
430,01_80_TEX_CIN_13,Pinnacle,away,100,158,0.43,258.0,110.94
431,01_80_CHC_LAD_19,5Dimes,away,100,176,0.37,276.0,102.12
432,01_80_STL_NYM_13,5Dimes,home,100,108,0.51,208.0,106.08
433,01_80_TOR_HOU_14,Pinnacle,home,100,-209,0.69,147.846889952153,102.014354066986
434,01_80_SD_COL_15,5Dimes,home,100,-142,0.61,170.422535211268,103.957746478873
435,01_80_SEA_OAK_16,5Dimes,home,100,-127,0.57,178.740157480315,101.88188976378
436,01_81_HOU_CIN_19,5Dimes,away,100,107,0.52,207.0,107.64
437,01_81_MIL_SD_22,5Dimes,away,100,121,0.53,221.0,117.13
438,01_81_NYM_ATL_19,Bookmaker,home,100,-146,0.6,168.493150684931,101.095890410959
439,01_81_MIA_STL_20,Pinnacle,home,100,-203,0.69,149.261083743842,102.990147783251
440,01_81_BAL_OAK_22,5Dimes,home,100,-203,0.71,149.261083743842,105.975369458128
441,01_81_SF_LAD_22,5Dimes,home,100,-245,0.72,140.816326530612,101.387755102041
442,01_82_PHI_WSH_19,JustBet,away,100,147,0.45,247.0,111.15
443,01_82_HOU_CIN_19,Youwager,away,100,-161,0.64,162.111801242236,103.751552795031
444,01_82_COL_ARI_21,5Dimes,away,100,138,0.44,238.0,104.72
445,01_82_SF_LAD_22,5Dimes,away,100,245,0.3,345.0,103.5
446,01_82_TB_NYY_19,5Dimes,home,100,-138,0.59,172.463768115942,101.753623188406
447,01_82_LAA_TOR_19,5Dimes,home,100,111,0.49,211.0,103.39
448,01_82_NYM_ATL_19,Bookmaker,home,100,110,0.54,210.0,113.4
449,01_82_CLE_TEX_20,5Dimes,home,100,123,0.49,223.0,109.27
450,01_82_BOS_MIN_20,5Dimes,home,100,110,0.49,210.0,102.9
451,01_82_MIA_STL_20,5Dimes,home,100,-196,0.68,151.020408163265,102.69387755102
452,01_82_BAL_OAK_22,Pinnacle,home,100,-210,0.69,147.619047619048,101.857142857143
453,01_82_KC_SEA_22,5Dimes,home,100,-129,0.59,177.519379844961,104.736434108527
454,01_83_PHI_WSH_13,Bookmaker,away,100,154,0.47,254.0,119.38
455,01_83_BAL_OAK_15,Pinnacle,away,100,261,0.29,361.0,104.69
456,01_83_MIL_SD_15,5Dimes,away,100,-102,0.54,198.039215686275,106.941176470588
457,01_83_NYM_ATL_19,5Dimes,away,100,142,0.42,242.0,101.64
458,01_83_HOU_CIN_12,5Dimes,home,100,166,0.38,266.0,101.08
459,01_83_TB_NYY_13,5Dimes,home,100,120,0.52,220.0,114.4
460,01_83_KC_SEA_18,5Dimes,home,100,-123,0.56,181.30081300813,101.528455284553
461,01_83_DET_PIT_19,Bookmaker,home,100,-114,0.67,187.719298245614,125.771929824561
462,01_83_LAA_TOR_19,5Dimes,home,100,150,0.45,250.0,112.5
463,01_83_MIA_STL_20,BetOnline,home,100,-166,0.65,160.240963855422,104.156626506024
464,01_83_SF_LAD_22,5Dimes,home,100,-230,0.71,143.478260869565,101.869565217391
465,01_84_COL_ARI_15,Pinnacle,away,100,155,0.43,255.0,109.65
466,01_84_CIN_MIL_20,5Dimes,away,100,137,0.43,237.0,101.91
467,01_84_CLE_TEX_14,5Dimes,home,100,120,0.52,220.0,114.4
468,01_84_LAA_TOR_19,5Dimes,home,100,144,0.44,244.0,107.36
469,01_84_MIA_STL_19,5Dimes,home,100,-155,0.66,164.516129032258,108.58064516129
470,01_84_NYM_CHC_20,5Dimes,home,100,-129,0.59,177.519379844961,104.736434108527
471,01_84_MIN_KC_20,5Dimes,home,100,176,0.37,276.0,102.12
472,01_84_BAL_SEA_22,Bookmaker,home,100,-140,0.63,171.428571428571,108.0
473,01_85_NYM_CHC_14,5Dimes,away,100,157,0.42,257.0,107.94
474,01_85_HOU_NYY_19,Pinnacle,away,100,154,0.44,254.0,111.76
475,01_85_ATL_WSH_19,5Dimes,away,100,138,0.46,238.0,109.48
476,01_85_TOR_BOS_19,5Dimes,away,100,335,0.29,435.0,126.15
477,01_85_COL_LAD_22,BetOnline,away,100,178,0.39,278.0,108.42
478,01_85_SD_PIT_19,Pinnacle,home,100,-110,0.54,190.909090909091,103.090909090909
479,01_85_DET_CLE_19,Pinnacle,home,100,-182,0.67,154.945054945055,103.813186813187
480,01_85_LAA_STL_20,5Dimes,home,100,107,0.51,207.0,105.57
481,01_85_MIN_KC_20,5Dimes,home,100,150,0.44,250.0,110.0
482,01_85_SF_ARI_21,Pinnacle,home,100,-130,0.58,176.923076923077,102.615384615385
483,01_85_BAL_SEA_22,Heritage,home,100,-133,0.65,175.187969924812,113.872180451128
484,01_86_COL_LAD_19,5Dimes,away,100,240,0.34,340.0,115.6
485,01_86_ATL_WSH_19,Pinnacle,away,100,117,0.48,217.0,104.16
486,01_86_HOU_NYY_19,Heritage,away,100,154,0.42,254.0,106.68
487,01_86_MIN_KC_14,Youwager,home,100,169,0.38,269.0,102.22
488,01_86_SD_PIT_16,5Dimes,home,100,116,0.51,216.0,110.16
489,01_86_CIN_MIL_16,5Dimes,home,100,100,0.51,200.0,102.0
490,01_86_BAL_SEA_16,BetOnline,home,100,-157,0.63,163.694267515924,103.127388535032
491,01_87_ATL_WSH_13,5Dimes,away,100,104,0.5,204.0,102.0
492,01_87_CIN_MIL_14,5Dimes,away,100,177,0.41,277.0,113.57
493,01_87_MIN_KC_14,Pinnacle,away,100,-152,0.61,165.789473684211,101.131578947368
494,01_87_COL_LAD_16,BetOnline,away,100,207,0.38,307.0,116.66
495,01_87_TOR_BOS_13,5Dimes,home,100,-165,0.63,160.606060606061,101.181818181818
496,01_87_DET_CLE_13,BetOnline,home,100,-190,0.67,152.631578947368,102.263157894737
497,01_87_SD_PIT_13,5Dimes,home,100,142,0.52,242.0,125.84
498,01_87_HOU_NYY_14,5Dimes,home,100,119,0.48,219.0,105.12
499,01_87_NYM_CHC_14,5Dimes,home,100,108,0.53,208.0,110.24
500,01_87_SF_ARI_16,5Dimes,home,100,-137,0.61,172.992700729927,105.525547445255
501,01_87_BAL_SEA_16,5Dimes,home,100,-162,0.63,161.728395061728,101.888888888889
502,01_88_ATL_CHC_20,5Dimes,away,100,112,0.49,212.0,103.88
503,01_88_COL_SF_22,5Dimes,away,100,-129,0.59,177.519379844961,104.736434108527
504,01_88_LAD_ARI_21,Intertops,home,100,133,0.48,233.0,111.84
505,01_89_KC_CLE_19,5Dimes,away,100,210,0.34,310.0,105.4
506,01_89_SEA_MIL_20,5Dimes,away,100,158,0.4,258.0,103.2
507,01_89_PIT_HOU_20,5Dimes,away,100,245,0.36,345.0,124.2
508,01_89_OAK_STL_20,5Dimes,away,100,125,0.45,225.0,101.25
509,01_89_CIN_LAA_22,5Dimes,away,100,156,0.45,256.0,115.2
510,01_89_NYM_PHI_19,5Dimes,home,100,-140,0.6,171.428571428571,102.857142857143
511,01_89_WSH_MIA_19,5Dimes,home,100,203,0.36,303.0,109.08
512,01_89_ATL_CHC_20,5Dimes,home,100,108,0.5,208.0,104.0
513,01_89_TB_MIN_20,5Dimes,home,100,106,0.52,206.0,107.12
514,01_90_TOR_NYY_13,5Dimes,away,100,235,0.32,335.0,107.2
515,01_90_SD_BAL_15,Bookmaker,away,100,-124,0.57,180.645161290323,102.967741935484
516,01_90_COL_SF_15,Pinnacle,away,100,-134,0.59,174.626865671642,103.029850746269
517,01_90_NYM_PHI_19,5Dimes,away,100,134,0.46,234.0,107.64
518,01_90_TEX_DET_19,5Dimes,away,100,104,0.59,204.0,120.36
519,01_90_ATL_CHC_20,5Dimes,away,100,114,0.48,214.0,102.72
520,01_90_LAD_ARI_15,5Dimes,home,100,139,0.43,239.0,102.77
521,01_90_TB_MIN_20,Bookmaker,home,100,-105,0.52,195.238095238095,101.52380952381
522,01_90_WSH_MIA_19,BetOnline,away,100,-146,0.6,168.493150684931,101.095890410959
523,01_91_PIT_HOU_14,BetOnline,away,100,188,0.37,288.0,106.56
524,01_91_SEA_MIL_14,5Dimes,away,100,168,0.42,268.0,112.56
525,01_91_ARI_SF_21,5Dimes,away,100,-103,0.54,197.087378640777,106.427184466019
526,01_91_OAK_LAA_22,5Dimes,away,100,147,0.45,247.0,111.15
527,01_91_WSH_MIA_19,5Dimes,home,100,190,0.39,290.0,113.1
528,01_91_LAD_COL_20,5Dimes,home,100,186,0.39,286.0,111.54
529,01_91_NYM_PHI_13,5Dimes,home,100,-128,0.57,178.125,101.53125
530,01_92_CLE_BAL_19,BetOnline,away,100,-178,0.65,156.179775280899,101.516853932584
531,01_92_CHC_CIN_19,Bookmaker,away,100,-108,0.53,192.592592592593,102.074074074074
532,01_92_ATL_NYM_19,Youwager,away,100,126,0.48,226.0,108.48
533,01_92_PIT_MIL_20,5Dimes,away,100,142,0.42,242.0,101.64
534,01_92_STL_SD_22,Intertops,away,100,115,0.49,215.0,105.35
535,01_92_ARI_SF_22,5Dimes,away,100,-101,0.55,199.009900990099,109.455445544554
536,01_92_LAD_COL_20,5Dimes,home,100,195,0.4,295.0,118.0
537,01_93_CLE_BAL_16,BetOnline,away,100,-158,0.63,163.291139240506,102.873417721519
538,01_93_ATL_NYM_16,5Dimes,away,100,-106,0.55,194.339622641509,106.88679245283
539,01_93_TEX_TB_16,5Dimes,away,100,168,0.43,268.0,115.24
540,01_93_PIT_MIL_20,5Dimes,away,100,195,0.4,295.0,118.0
541,01_93_ARI_SF_22,Pinnacle,away,100,-141,0.62,170.921985815603,105.971631205674
542,01_93_OAK_LAA_22,5Dimes,away,100,133,0.46,233.0,107.18
543,01_93_STL_SD_22,5Dimes,away,100,119,0.5,219.0,109.5
544,01_93_CHC_CIN_16,BetOnline,home,100,-114,0.54,187.719298245614,101.368421052632
545,01_93_LAD_COL_20,5Dimes,home,100,142,0.46,242.0,111.32
546,01_94_KC_TOR_13,Bookmaker,away,100,114,0.48,214.0,102.72
547,01_94_TEX_TB_13,5Dimes,away,100,177,0.37,277.0,102.49
548,01_94_PIT_MIL_14,Bookmaker,away,100,146,0.42,246.0,103.32
549,01_94_SEA_HOU_14,Pinnacle,away,100,270,0.33,370.0,122.1
550,01_94_ARI_SF_16,Pinnacle,away,100,-103,0.53,197.087378640777,104.456310679612
551,01_94_OAK_LAA_16,5Dimes,away,100,126,0.49,226.0,110.74
552,01_94_STL_SD_16,5Dimes,away,100,110,0.51,210.0,107.1
553,01_94_ATL_NYM_19,5Dimes,away,100,102,0.51,202.0,103.02
554,01_94_CLE_BAL_13,5Dimes,home,100,210,0.33,310.0,102.3
555,01_94_WSH_DET_13,5Dimes,home,100,295,0.31,395.0,122.45
556,01_94_CHC_CIN_13,BetOnline,home,100,112,0.49,212.0,103.88
557,01_94_LAD_COL_15,5Dimes,home,100,163,0.43,263.0,113.09
558,01_95_KC_TOR_13,Pinnacle,away,100,124,0.47,224.0,105.28
559,01_95_SF_SD_22,5Dimes,away,100,157,0.41,257.0,105.37
560,01_95_CHC_PIT_19,Pinnacle,home,100,103,0.54,203.0,109.62
561,01_95_MIL_CIN_19,5Dimes,home,100,104,0.52,204.0,106.08
562,01_95_LAA_TEX_20,BetOnline,home,100,-139,0.59,171.942446043165,101.446043165468
563,01_96_ARI_LAD_22,Pinnacle,away,100,207,0.34,307.0,104.38
564,01_96_MIA_WSH_19,5Dimes,home,100,-190,0.67,152.631578947368,102.263157894737
565,01_96_CHC_PIT_19,5Dimes,home,100,120,0.47,220.0,103.4
566,01_96_BOS_TOR_19,5Dimes,home,100,151,0.41,251.0,102.91
567,01_96_NYY_NYM_19,5Dimes,home,100,136,0.43,236.0,101.48
568,01_96_LAA_TEX_20,Heritage,home,100,120,0.59,220.0,129.8
569,01_96_HOU_COL_20,Pinnacle,home,100,-115,0.56,186.95652173913,104.695652173913
570,01_96_CLE_KC_20,Youwager,home,100,170,0.4,270.0,108.0
571,01_96_MIN_OAK_22,5Dimes,home,100,114,0.5,214.0,107.0
572,01_96_STL_SEA_22,5Dimes,home,100,127,0.48,227.0,108.96
573,01_97_MIA_WSH_18,5Dimes,away,100,241,0.33,341.0,112.53
574,01_97_MIL_CIN_19,5Dimes,away,100,128,0.48,228.0,109.44
575,01_97_PHI_ATL_19,5Dimes,away,100,131,0.45,231.0,103.95
576,01_97_SF_SD_21,5Dimes,away,100,132,0.45,232.0,104.4
577,01_97_ARI_LAD_22,5Dimes,away,100,240,0.34,340.0,115.6
578,01_97_BOS_TOR_19,5Dimes,home,100,245,0.36,345.0,124.2
579,01_97_LAA_TEX_20,5Dimes,home,100,124,0.46,224.0,103.04
580,01_97_CLE_KC_20,BetOnline,home,100,150,0.41,250.0,102.5
581,01_97_MIN_OAK_21,5Dimes,home,100,120,0.54,220.0,118.8
582,01_97_STL_SEA_22,5Dimes,home,100,115,0.5,215.0,107.5
583,01_98_CLE_KC_13,5Dimes,away,100,-113,0.57,188.495575221239,107.442477876106
584,01_98_BOS_TOR_19,Pinnacle,away,100,-106,0.53,194.339622641509,103.0
585,01_98_LAA_TEX_20,Heritage,away,100,125,0.48,225.0,108.0
586,01_98_MIA_WSH_11,BetOnline,home,100,-174,0.65,157.471264367816,102.35632183908
587,01_98_MIL_CIN_14,Intertops,home,100,121,0.51,221.0,112.71
588,01_98_CHC_PIT_16,5Dimes,home,100,114,0.5,214.0,107.0
589,01_98_MIN_OAK_16,5Dimes,home,100,120,0.47,220.0,103.4
590,01_98_PHI_ATL_19,5Dimes,home,100,-146,0.6,168.493150684931,101.095890410959
591,01_99_KC_WSH_19,5Dimes,away,100,171,0.4,271.0,108.4
592,01_99_NYY_TB_19,5Dimes,away,100,-113,0.58,188.495575221239,109.327433628319
593,01_99_PHI_NYM_19,BetOnline,away,100,177,0.4,277.0,110.8
594,01_99_TEX_MIN_20,5Dimes,away,100,153,0.41,253.0,103.73
595,01_99_COL_ARI_21,5Dimes,away,100,178,0.41,278.0,113.98
596,01_99_STL_SF_22,5Dimes,away,100,-112,0.54,189.285714285714,102.214285714286
597,01_99_MIL_PIT_19,5Dimes,home,100,107,0.5,207.0,103.5
598,01_99_BAL_TOR_19,Bookmaker,home,100,-119,0.59,184.033613445378,108.579831932773
599,01_99_MIA_ATL_19,5Dimes,home,100,-180,0.67,155.555555555556,104.222222222222
600,01_99_LAA_HOU_20,BetOnline,home,100,-185,0.66,154.054054054054,101.675675675676
601,01_99_SD_LAD_22,5Dimes,home,100,-185,0.68,154.054054054054,104.756756756757
602,01_99_OAK_SEA_22,5Dimes,home,100,133,0.44,233.0,102.52
603,01_100_BAL_TOR_15,5Dimes,away,100,138,0.43,238.0,102.34
604,01_100_KC_WSH_16,5Dimes,away,100,345,0.27,445.0,120.15
605,01_100_NYY_TB_16,5Dimes,away,100,135,0.52,235.0,122.2
606,01_100_PHI_NYM_19,Pinnacle,away,100,141,0.46,241.0,110.86
607,01_100_STL_SF_22,5Dimes,away,100,109,0.52,209.0,108.68
608,01_100_TEX_MIN_14,5Dimes,home,100,-155,0.62,164.516129032258,102.0
609,01_100_MIL_PIT_16,5Dimes,home,100,-101,0.53,199.009900990099,105.475247524752
610,01_100_CLE_CIN_16,Youwager,home,100,123,0.47,223.0,104.81
611,01_100_MIA_ATL_16,BetOnline,home,100,-188,0.66,153.191489361702,101.106382978723
612,01_100_OAK_SEA_22,5Dimes,home,100,130,0.46,230.0,105.8
613,01_100_SD_LAD_22,5Dimes,home,100,-148,0.65,167.567567567568,108.918918918919
614,01_101_NYY_TB_13,5Dimes,away,100,109,0.5,209.0,104.5
615,01_101_PHI_NYM_13,5Dimes,away,100,100,0.52,200.0,104.0
616,01_101_KC_WSH_13,5Dimes,away,100,210,0.34,310.0,105.4
617,01_101_BAL_TOR_13,Pinnacle,home,100,-165,0.63,160.606060606061,101.181818181818
618,01_101_BOS_DET_13,5Dimes,home,100,247,0.31,347.0,107.57
619,01_101_MIL_PIT_13,Bookmaker,home,100,101,0.52,201.0,104.52
620,01_101_SD_LAD_16,5Dimes,home,100,-151,0.64,166.225165562914,106.384105960265
621,01_101_COL_ARI_16,5Dimes,home,100,122,0.47,222.0,104.34
622,01_115_OAK_MIN_14,Intertops,away,100,123,0.47,223.0,104.81
623,01_115_MIA_LAD_16,5Dimes,away,100,285,0.27,385.0,103.95
624,01_115_NYM_SF_16,BetOnline,home,100,-109,0.53,191.743119266055,101.623853211009
625,01_115_LAA_SEA_16,Youwager,home,100,161,0.48,261.0,125.28
626,01_115_MIL_ARI_16,5Dimes,home,100,136,0.49,236.0,115.64
627,01_116_BOS_TB_19,BetOnline,away,100,-110,0.54,190.909090909091,103.090909090909
628,01_116_NYY_MIN_20,5Dimes,away,100,-109,0.55,191.743119266055,105.45871559633
629,01_116_OAK_HOU_20,5Dimes,away,100,215,0.36,315.0,113.4
630,01_116_CLE_TOR_19,5Dimes,home,100,161,0.43,261.0,112.23
631,01_116_TEX_SEA_22,BetOnline,home,100,-118,0.56,184.745762711864,103.457627118644
632,01_117_COL_WSH_19,Pinnacle,away,100,166,0.39,266.0,103.74
633,01_117_STL_PIT_19,5Dimes,away,100,118,0.49,218.0,106.82
634,01_117_PHI_DET_19,5Dimes,away,100,-135,0.62,174.074074074074,107.925925925926
635,01_117_KC_ATL_19,BetOnline,away,100,199,0.34,299.0,101.66
636,01_117_OAK_HOU_20,5Dimes,away,100,147,0.45,247.0,111.15
637,01_117_CHC_SF_21,5Dimes,away,100,-101,0.51,199.009900990099,101.495049504951
638,01_117_CLE_TOR_19,BetOnline,home,100,162,0.39,262.0,102.18
639,01_117_SD_NYM_19,5Dimes,home,100,118,0.52,218.0,113.36
640,01_117_BOS_TB_19,5Dimes,home,100,154,0.46,254.0,116.84
641,01_117_CIN_MIL_20,5Dimes,home,100,-133,0.58,175.187969924812,101.609022556391
642,01_117_BAL_ARI_21,5Dimes,home,100,-157,0.68,163.694267515924,111.312101910828
643,01_118_PHI_DET_13,5Dimes,away,100,-149,0.63,167.114093959732,105.281879194631
644,01_118_OAK_HOU_14,5Dimes,away,100,205,0.38,305.0,115.9
645,01_118_STL_PIT_19,Bookmaker,away,100,-102,0.52,198.039215686275,102.980392156863
646,01_118_SD_NYM_19,5Dimes,away,100,144,0.42,244.0,102.48
647,01_118_KC_ATL_19,5Dimes,away,100,181,0.36,281.0,101.16
648,01_118_NYY_MIN_20,5Dimes,away,100,-102,0.52,198.039215686275,102.980392156863
649,01_118_LAA_LAD_22,BetOnline,away,100,182,0.39,282.0,109.98
650,01_118_BOS_TB_12,5Dimes,home,100,-108,0.53,192.592592592593,102.074074074074
651,01_118_TEX_SEA_15,Pinnacle,home,100,133,0.48,233.0,111.84
652,01_118_BAL_ARI_15,5Dimes,home,100,-132,0.58,175.757575757576,101.939393939394
653,01_118_CHC_SF_15,5Dimes,home,100,131,0.48,231.0,110.88
654,01_118_CLE_TOR_19,Intertops,home,100,125,0.45,225.0,101.25
655,01_119_SD_NYM_12,5Dimes,away,100,195,0.38,295.0,112.1
656,01_119_STL_PIT_12,5Dimes,away,100,110,0.51,210.0,107.1
657,01_119_COL_WSH_16,Bookmaker,away,100,272,0.33,372.0,122.76
658,01_119_NYY_BOS_19,Pinnacle,away,100,-115,0.58,186.95652173913,108.434782608696
659,01_119_CLE_KC_20,5Dimes,home,100,131,0.45,231.0,103.95
660,01_119_TEX_OAK_22,5Dimes,home,100,-163,0.64,161.349693251534,103.263803680982
661,01_120_PIT_NYM_19,5Dimes,away,100,163,0.45,263.0,118.35
662,01_120_ARI_MIA_19,5Dimes,away,100,-171,0.64,158.479532163743,101.426900584795
663,01_120_SF_SD_22,5Dimes,away,100,142,0.48,242.0,116.16
664,01_120_LAD_WSH_19,BetOnline,home,100,157,0.42,257.0,107.94
665,01_120_ATL_PHI_19,5Dimes,home,100,121,0.47,221.0,103.87
666,01_120_TB_TOR_19,Bookmaker,home,100,130,0.46,230.0,105.8
667,01_120_NYY_BOS_19,5Dimes,home,100,122,0.46,222.0,102.12
668,01_120_HOU_STL_20,5Dimes,home,100,109,0.52,209.0,108.68
669,01_120_TEX_OAK_22,Bookmaker,home,100,-105,0.56,195.238095238095,109.333333333333
670,01_120_BAL_LAA_22,5Dimes,home,100,-210,0.69,147.619047619048,101.857142857143
671,01_120_DET_SEA_22,5Dimes,home,100,-127,0.59,178.740157480315,105.456692913386
672,01_121_NYY_BOS_16,5Dimes,away,100,135,0.49,235.0,115.15
673,01_121_ARI_MIA_18,5Dimes,away,100,-117,0.55,185.470085470085,102.008547008547
674,01_121_PIT_NYM_19,5Dimes,away,100,121,0.49,221.0,108.29
675,01_121_TEX_OAK_21,5Dimes,away,100,157,0.4,257.0,102.8
676,01_121_LAD_WSH_16,BetOnline,home,100,167,0.4,267.0,106.8
677,01_121_DET_SEA_16,5Dimes,home,100,-138,0.62,172.463768115942,106.927536231884
678,01_121_ATL_PHI_19,BetOnline,home,100,118,0.49,218.0,106.82
679,01_121_CHC_MIL_19,5Dimes,home,100,-111,0.54,190.09009009009,102.648648648649
680,01_121_CLE_KC_19,BetOnline,home,100,188,0.36,288.0,103.68
681,01_121_HOU_STL_19,5Dimes,home,100,171,0.43,271.0,116.53
682,01_122_ARI_MIA_13,Pinnacle,away,100,-145,0.6,168.965517241379,101.379310344828
683,01_122_COL_CIN_13,Pinnacle,away,100,157,0.45,257.0,115.65
684,01_122_LAD_WSH_13,Bookmaker,away,100,-111,0.55,190.09009009009,104.54954954955
685,01_122_NYY_BOS_19,5Dimes,away,100,170,0.45,270.0,121.5
686,01_122_PIT_NYM_13,5Dimes,home,100,-117,0.55,185.470085470085,102.008547008547
687,01_122_CHC_MIL_14,Pinnacle,home,100,-108,0.53,192.592592592593,102.074074074074
688,01_122_CLE_KC_14,Bookmaker,home,100,163,0.39,263.0,102.57
689,01_123_ATL_WSH_19,5Dimes,away,100,142,0.46,242.0,111.32
690,01_123_PIT_CIN_19,5Dimes,away,100,166,0.38,266.0,101.08
691,01_123_ARI_MIA_19,Heritage,away,100,-105,0.54,195.238095238095,105.428571428571
692,01_123_TOR_KC_20,5Dimes,home,100,-107,0.56,193.457943925234,108.336448598131
693,01_123_LAD_COL_20,5Dimes,home,100,130,0.45,230.0,103.5
694,01_123_DET_LAA_22,5Dimes,home,100,-218,0.72,145.871559633028,105.02752293578
695,01_124_TB_BOS_19,5Dimes,away,100,125,0.46,225.0,103.5
696,01_124_SEA_TEX_20,5Dimes,away,100,120,0.48,220.0,105.6
697,01_124_SF_PHI_19,5Dimes,home,100,-125,0.57,180.0,102.6
698,01_124_ARI_NYY_19,5Dimes,home,100,-205,0.68,148.780487804878,101.170731707317
699,01_124_HOU_CLE_19,5Dimes,home,100,120,0.47,220.0,103.4
700,01_124_CHC_STL_20,5Dimes,home,100,107,0.51,207.0,105.57
701,01_124_DET_LAA_22,5Dimes,home,100,-247,0.72,140.485829959514,101.14979757085
702,01_125_PIT_CIN_12,Bookmaker,away,100,192,0.42,292.0,122.64
703,01_125_LAD_COL_15,5Dimes,away,100,-127,0.58,178.740157480315,103.669291338583
704,01_125_ATL_WSH_12,5Dimes,home,100,107,0.49,207.0,101.43
705,01_125_ARI_NYY_13,Pinnacle,home,100,-129,0.58,177.519379844961,102.961240310078
706,01_125_DET_LAA_16,5Dimes,home,100,-184,0.66,154.347826086957,101.869565217391
707,01_125_HOU_CLE_19,Pinnacle,home,100,129,0.5,229.0,114.5
708,01_125_CHC_STL_20,5Dimes,home,100,103,0.52,203.0,105.56
709,01_126_CIN_ATL_19,5Dimes,away,100,143,0.43,243.0,104.49
710,01_126_MIN_MIA_12,Youwager,home,100,161,0.39,261.0,101.79
711,01_126_HOU_CLE_19,5Dimes,home,100,177,0.43,277.0,119.11
712,01_126_TB_BOS_19,Bookmaker,home,100,-124,0.57,180.645161290323,102.967741935484
713,01_126_SD_LAD_22,5Dimes,home,100,-194,0.68,151.546391752577,103.051546391753
714,01_137_ARI_COL_20,5Dimes,away,100,106,0.51,206.0,105.06
715,01_137_PIT_LAA_22,Pinnacle,away,100,135,0.44,235.0,103.4
716,01_137_CIN_WSH_19,Pinnacle,home,100,-105,0.52,195.238095238095,101.52380952381
717,01_137_TEX_TOR_19,BetOnline,home,100,-105,0.54,195.238095238095,105.428571428571
718,01_137_BOS_CLE_19,BetOnline,home,100,107,0.51,207.0,105.57
719,01_138_SEA_DET_19,5Dimes,away,100,148,0.49,248.0,121.52
720,01_138_NYM_ATL_19,Pinnacle,away,100,122,0.46,222.0,102.12
721,01_138_ARI_COL_20,Pinnacle,away,100,115,0.5,215.0,107.5
722,01_138_PIT_LAA_22,5Dimes,away,100,158,0.43,258.0,110.94
723,01_138_CHC_PHI_19,Intertops,home,100,123,0.49,223.0,109.27
724,01_138_CIN_WSH_19,Heritage,home,100,-118,0.55,184.745762711864,101.610169491525
725,01_138_TEX_TOR_19,Intertops,home,100,130,0.46,230.0,105.8
726,01_138_BOS_CLE_19,Pinnacle,home,100,105,0.53,205.0,108.65
727,01_138_LAD_MIA_19,5Dimes,home,100,235,0.32,335.0,107.2
728,01_138_MIN_MIL_20,BetOnline,home,100,-122,0.57,181.967213114754,103.72131147541
729,01_138_STL_KC_20,Pinnacle,home,100,206,0.35,306.0,107.1
730,01_138_TB_SD_22,BetOnline,home,100,115,0.47,215.0,101.05
731,01_139_CIN_WSH_16,5Dimes,away,100,139,0.43,239.0,102.77
732,01_139_SEA_DET_19,5Dimes,away,100,-134,0.61,174.626865671642,106.522388059701
733,01_139_PIT_LAA_20,5Dimes,away,100,118,0.47,218.0,102.46
734,01_139_TEX_TOR_12,Heritage,home,100,-121,0.56,182.644628099174,102.280991735537
735,01_139_BAL_NYY_13,5Dimes,home,100,-225,0.74,144.444444444444,106.888888888889
736,01_139_ARI_COL_15,5Dimes,home,100,133,0.47,233.0,109.51
737,01_139_LAD_MIA_19,5Dimes,home,100,250,0.3,350.0,105.0
738,01_139_NYM_ATL_19,5Dimes,home,100,-130,0.58,176.923076923077,102.615384615385
739,01_139_STL_KC_20,5Dimes,home,100,119,0.47,219.0,102.93
740,01_140_STL_CIN_19,5Dimes,away,100,154,0.43,254.0,109.22
741,01_140_LAD_MIA_15,5Dimes,home,100,235,0.31,335.0,103.85
742,01_140_CHC_PHI_19,5Dimes,home,100,137,0.47,237.0,111.39
743,01_140_CLE_NYY_19,Bookmaker,home,100,-160,0.64,162.5,104.0
744,01_140_NYM_ATL_19,5Dimes,home,100,-119,0.57,184.033613445378,104.899159663866
745,01_140_MIN_TEX_20,5Dimes,home,100,142,0.44,242.0,106.48
746,01_140_SF_ARI_21,5Dimes,home,100,-130,0.58,176.923076923077,102.615384615385
747,01_140_HOU_OAK_22,5Dimes,home,100,116,0.56,216.0,120.96
748,01_141_STL_CIN_19,Pinnacle,away,100,140,0.45,240.0,108.0
749,01_141_MIN_TEX_20,Bookmaker,away,100,-101,0.51,199.009900990099,101.495049504951
750,01_141_MIA_COL_20,Pinnacle,away,100,193,0.35,293.0,102.55
751,01_141_SF_ARI_21,BetOnline,away,100,120,0.47,220.0,103.4
752,01_141_SD_PHI_19,5Dimes,home,100,100,0.55,200.0,110.0
753,01_141_CHC_PIT_19,Pinnacle,home,100,125,0.45,225.0,101.25
754,01_141_MIL_WSH_19,Heritage,home,100,-148,0.61,167.567567567568,102.216216216216
755,01_141_DET_TB_19,5Dimes,home,100,-290,0.76,134.48275862069,102.206896551724
756,01_141_NYM_KC_20,5Dimes,home,100,174,0.42,274.0,115.08
757,01_141_HOU_OAK_22,5Dimes,home,100,183,0.42,283.0,118.86
758,01_141_LAD_ATL_19,5Dimes,away,100,113,0.48,213.0,102.24
759,01_142_STL_CIN_18,5Dimes,away,100,-107,0.53,193.457943925234,102.532710280374
760,01_142_BAL_BOS_19,Pinnacle,away,100,295,0.28,395.0,110.6
761,01_142_MIA_COL_20,Bookmaker,away,100,226,0.33,326.0,107.58
762,01_142_CHC_PIT_13,Intertops,home,100,133,0.49,233.0,114.17
763,01_142_DET_TB_18,Pinnacle,home,100,-275,0.76,136.363636363636,103.636363636364
764,01_142_SD_PHI_19,5Dimes,home,100,100,0.54,200.0,108.0
765,01_142_NYM_KC_19,5Dimes,home,100,193,0.38,293.0,111.34
766,01_143_MIL_WSH_13,BetOnline,away,100,101,0.51,201.0,102.51
767,01_143_MIN_TEX_15,5Dimes,away,100,115,0.47,215.0,101.05
768,01_143_MIA_COL_15,Heritage,away,100,150,0.41,250.0,102.5
769,01_143_CHC_PIT_19,5Dimes,away,100,-145,0.6,168.965517241379,101.379310344828
770,01_143_CLE_NYY_13,BetOnline,home,100,122,0.54,222.0,119.88
771,01_143_SD_PHI_13,5Dimes,home,100,-101,0.57,199.009900990099,113.435643564356
772,01_143_SEA_TOR_13,BetOnline,home,100,-148,0.61,167.567567567568,102.216216216216
773,01_143_STL_CIN_13,5Dimes,home,100,144,0.45,244.0,109.8
774,01_143_DET_TB_13,Bookmaker,home,100,-175,0.7,157.142857142857,110.0
775,01_143_NYM_KC_14,5Dimes,home,100,162,0.39,262.0,102.18
776,01_143_HOU_OAK_16,5Dimes,home,100,159,0.45,259.0,116.55
777,01_143_SF_ARI_16,Heritage,home,100,106,0.51,206.0,105.06
778,01_144_SEA_TB_19,5Dimes,away,100,180,0.42,280.0,117.6
779,01_144_SD_CIN_19,Pinnacle,away,100,152,0.41,252.0,103.32
780,01_144_MIL_STL_19,5Dimes,away,100,120,0.46,220.0,101.2
781,01_144_DET_HOU_20,Pinnacle,away,100,373,0.22,473.0,104.06
782,01_144_WSH_PIT_19,5Dimes,home,100,116,0.47,216.0,101.52
783,01_144_KC_BAL_19,5Dimes,home,100,-121,0.57,182.644628099174,104.107438016529
784,01_144_LAA_TEX_20,Bookmaker,home,100,108,0.5,208.0,104.0
785,01_145_KC_BAL_19,Pinnacle,away,100,107,0.52,207.0,107.64
786,01_145_SD_CIN_19,5Dimes,away,100,157,0.41,257.0,105.37
787,01_145_MIA_ATL_19,5Dimes,away,100,265,0.31,365.0,113.15
788,01_145_SF_CHC_20,Youwager,away,100,185,0.37,285.0,105.45
789,01_145_DET_HOU_20,Bookmaker,away,100,268,0.29,368.0,106.72
790,01_145_COL_ARI_21,5Dimes,away,100,138,0.44,238.0,104.72
791,01_145_TOR_LAD_22,Pinnacle,away,100,276,0.29,376.0,109.04
792,01_145_LAA_TEX_14,5Dimes,home,100,133,0.47,233.0,109.51
793,01_145_WSH_PIT_19,5Dimes,home,100,146,0.43,246.0,105.78
794,01_145_PHI_BOS_19,5Dimes,home,100,104,0.51,204.0,104.04
795,01_145_CLE_NYM_19,5Dimes,home,100,150,0.43,250.0,107.5
796,01_145_MIL_STL_19,Bookmaker,home,100,105,0.52,205.0,106.6
797,01_145_NYY_OAK_22,5Dimes,home,100,133,0.45,233.0,104.85
798,01_146_SEA_TB_13,Bookmaker,away,100,247,0.34,347.0,117.98
799,01_146_KC_BAL_19,5Dimes,away,100,-110,0.55,190.909090909091,105.0
800,01_146_PHI_BOS_19,5Dimes,away,100,154,0.42,254.0,106.68
801,01_146_CLE_NYM_19,5Dimes,away,100,148,0.46,248.0,114.08
802,01_146_SF_CHC_20,5Dimes,away,100,195,0.38,295.0,112.1
803,01_146_SD_CIN_12,Pinnacle,home,100,-135,0.6,174.074074074074,104.444444444444
804,01_146_LAA_TEX_19,Pinnacle,home,100,-121,0.57,182.644628099174,104.107438016529
805,01_146_WSH_PIT_19,5Dimes,home,100,140,0.43,240.0,103.2
806,01_146_MIA_ATL_19,5Dimes,home,100,-185,0.66,154.054054054054,101.675675675676
807,01_146_MIL_STL_19,5Dimes,home,100,-105,0.56,195.238095238095,109.333333333333
808,01_146_COL_ARI_15,Pinnacle,home,100,101,0.51,201.0,102.51
809,01_147_SF_CHC_14,BetOnline,away,100,162,0.4,262.0,104.8
810,01_147_CLE_NYM_19,BetOnline,away,100,131,0.47,231.0,108.57
811,01_147_MIA_ATL_19,BetOnline,away,100,260,0.29,360.0,104.4
812,01_147_NYY_OAK_21,5Dimes,away,100,-109,0.53,191.743119266055,101.623853211009
813,01_147_TOR_LAD_22,5Dimes,away,100,230,0.33,330.0,108.9
814,01_147_TB_BAL_19,Bookmaker,home,100,202,0.34,302.0,102.68
815,01_147_WSH_PIT_19,5Dimes,home,100,200,0.37,300.0,111.0
816,01_148_WSH_CHC_14,5Dimes,away,100,117,0.48,217.0,104.16
817,01_148_CIN_PIT_19,5Dimes,away,100,-102,0.52,198.039215686275,102.980392156863
818,01_148_ATL_NYM_19,BetOnline,away,100,170,0.41,270.0,110.7
819,01_148_ARI_MIL_20,5Dimes,away,100,142,0.48,242.0,116.16
820,01_148_LAA_HOU_20,5Dimes,away,100,265,0.29,365.0,105.85
821,01_148_COL_STL_20,5Dimes,away,100,200,0.35,300.0,105.0
822,01_148_BOS_SD_22,5Dimes,away,100,-108,0.56,192.592592592593,107.851851851852
823,01_148_NYY_LAD_22,5Dimes,away,100,137,0.43,237.0,101.91
824,01_148_PHI_MIA_19,Bookmaker,home,100,161,0.39,261.0,101.79
825,01_148_KC_CLE_19,BetOnline,home,100,-169,0.64,159.171597633136,101.869822485207
826,01_148_DET_MIN_20,BetOnline,home,100,-196,0.72,151.020408163265,108.734693877551
827,01_148_TOR_SEA_22,Bookmaker,home,100,109,0.54,209.0,112.86
828,01_149_WSH_CHC_14,Pinnacle,away,100,132,0.45,232.0,104.4
829,01_149_NYY_LAD_16,5Dimes,away,100,140,0.47,240.0,112.8
830,01_149_LAA_HOU_19,5Dimes,away,100,220,0.34,320.0,108.8
831,01_149_DET_MIN_19,Bookmaker,away,100,296,0.26,396.0,102.96
832,01_149_KC_CLE_19,5Dimes,away,100,315,0.26,415.0,107.9
833,01_149_COL_STL_19,BetOnline,away,100,174,0.4,274.0,109.6
834,01_149_BOS_SD_20,5Dimes,away,100,-105,0.53,195.238095238095,103.47619047619
835,01_149_SF_OAK_21,5Dimes,home,100,-136,0.59,173.529411764706,102.382352941176
836,01_149_PHI_MIA_18,Pinnacle,home,100,115,0.47,215.0,101.05
837,01_149_ARI_MIL_19,Pinnacle,away,100,112,0.48,212.0,101.76
838,01_150_KC_CLE_13,5Dimes,away,100,285,0.27,385.0,103.95
839,01_150_ATL_NYM_13,Pinnacle,away,100,102,0.51,202.0,103.02
840,01_150_LAA_HOU_14,Pinnacle,away,100,195,0.41,295.0,120.95
841,01_150_BOS_SD_16,5Dimes,away,100,113,0.53,213.0,112.89
842,01_150_TOR_SEA_16,BetOnline,away,100,126,0.47,226.0,106.22
843,01_150_NYY_LAD_19,Bookmaker,away,100,163,0.43,263.0,113.09
844,01_150_TB_BAL_13,Bookmaker,home,100,157,0.4,257.0,102.8
845,01_150_PHI_MIA_13,5Dimes,home,100,187,0.36,287.0,103.32
846,01_150_WSH_CHC_14,Pinnacle,home,100,112,0.48,212.0,101.76
847,01_150_SF_OAK_16,5Dimes,home,100,-140,0.61,171.428571428571,104.571428571429
848,01_150_ARI_MIL_14,5Dimes,home,100,101,0.51,201.0,102.51
849,01_151_STL_MIL_19,Pinnacle,away,100,120,0.47,220.0,103.4
850,01_151_PIT_PHI_19,BetOnline,home,100,-127,0.57,178.740157480315,101.88188976378
851,01_151_CIN_MIA_19,Pinnacle,home,100,153,0.43,253.0,108.79
852,01_151_OAK_KC_20,5Dimes,home,100,139,0.43,239.0,102.77
853,01_151_LAD_SD_22,5Dimes,home,100,152,0.41,252.0,103.32
854,01_152_PIT_PHI_19,5Dimes,away,100,134,0.45,234.0,105.3
855,01_152_CLE_DET_19,5Dimes,away,100,-131,0.62,176.335877862595,109.328244274809
856,01_152_STL_MIL_19,5Dimes,away,100,140,0.51,240.0,122.4
857,01_152_OAK_KC_20,BetOnline,away,100,-162,0.65,161.728395061728,105.123456790123
858,01_152_BOS_COL_20,Pinnacle,away,100,-100,0.54,200.0,108.0
859,01_152_TEX_LAA_22,5Dimes,away,100,139,0.46,239.0,109.94
860,01_152_NYY_SEA_22,BetOnline,away,100,-179,0.65,155.86592178771,101.312849162011
861,01_152_CIN_MIA_19,5Dimes,home,100,146,0.43,246.0,105.78
862,01_152_LAD_SD_22,BetOnline,home,100,174,0.37,274.0,101.38
863,01_153_STL_MIL_14,5Dimes,away,100,-122,0.58,181.967213114754,105.540983606557
864,01_153_BAL_WSH_19,5Dimes,away,100,355,0.24,455.0,109.2
865,01_153_CLE_DET_19,5Dimes,away,100,-178,0.68,156.179775280899,106.202247191011
866,01_153_CHC_NYM_19,5Dimes,away,100,118,0.49,218.0,106.82
867,01_153_TB_HOU_20,5Dimes,away,100,185,0.36,285.0,102.6
868,01_153_OAK_KC_20,Heritage,away,100,-153,0.62,165.359477124183,102.522875816993
869,01_153_TEX_LAA_22,5Dimes,away,100,166,0.41,266.0,109.06
870,01_153_NYY_SEA_16,5Dimes,home,100,205,0.36,305.0,109.8
871,01_153_PIT_PHI_18,5Dimes,home,100,-134,0.58,174.626865671642,101.283582089552
872,01_153_CIN_MIA_19,5Dimes,home,100,132,0.45,232.0,104.4
873,01_153_BOS_COL_20,5Dimes,home,100,163,0.4,263.0,105.2
874,01_153_LAD_SD_21,5Dimes,home,100,164,0.4,264.0,105.6
875,01_154_OAK_KC_13,5Dimes,away,100,-188,0.66,153.191489361702,101.106382978723
876,01_154_TB_HOU_14,Bookmaker,away,100,230,0.34,330.0,112.2
877,01_154_CHC_NYM_19,5Dimes,away,100,175,0.39,275.0,107.25
878,01_154_SEA_TEX_20,BetOnline,away,100,164,0.4,264.0,105.6
879,01_154_PIT_COL_20,BetOnline,home,100,-102,0.53,198.039215686275,104.960784313725
880,01_154_LAD_ARI_21,BetOnline,home,100,182,0.39,282.0,109.98
881,01_154_SD_SF_21,5Dimes,home,100,121,0.54,221.0,119.34
882,01_155_MIL_CHC_14,5Dimes,away,100,134,0.44,234.0,102.96
883,01_155_SEA_TEX_20,BetOnline,away,100,117,0.51,217.0,110.67
884,01_155_BOS_LAA_22,5Dimes,away,100,-124,0.58,180.645161290323,104.774193548387
885,01_155_OAK_NYY_19,5Dimes,home,100,-137,0.59,172.992700729927,102.065693430657
886,01_155_NYM_PHI_19,BetOnline,home,100,-131,0.59,176.335877862595,104.038167938931
887,01_155_HOU_TOR_19,5Dimes,home,100,188,0.38,288.0,109.44
888,01_155_CIN_STL_20,Heritage,home,100,-108,0.57,192.592592592593,109.777777777778
889,01_155_LAD_ARI_21,BetOnline,home,100,118,0.48,218.0,104.64
890,01_155_SD_SF_22,Pinnacle,home,100,-117,0.57,185.470085470085,105.717948717949
891,01_155_PIT_COL_20,Bookmaker,away,100,118,0.47,218.0,102.46
892,01_156_OAK_NYY_13,5Dimes,away,100,163,0.4,263.0,105.2
893,01_156_MIN_DET_18,5Dimes,away,100,-133,0.63,175.187969924812,110.368421052632
894,01_156_MIA_WSH_19,5Dimes,away,100,275,0.34,375.0,127.5
895,01_156_HOU_TOR_15,5Dimes,home,100,161,0.45,261.0,117.45
896,01_156_NYM_PHI_16,Heritage,home,100,101,0.53,201.0,106.53
897,01_156_BAL_KC_19,Pinnacle,home,100,108,0.5,208.0,104.0
898,01_156_LAD_ARI_20,5Dimes,home,100,138,0.44,238.0,104.72
899,01_156_PIT_COL_20,5Dimes,home,100,104,0.53,204.0,108.12
900,01_156_SD_SF_21,5Dimes,home,100,106,0.52,206.0,107.12
901,01_157_CLE_TB_13,5Dimes,away,100,190,0.41,290.0,118.9
902,01_157_MIL_CHC_14,5Dimes,away,100,160,0.41,260.0,106.6
903,01_157_SEA_TEX_15,Bookmaker,away,100,162,0.45,262.0,117.9
904,01_157_BOS_LAA_16,5Dimes,away,100,100,0.52,200.0,104.0
905,01_157_CIN_STL_13,5Dimes,home,100,-148,0.63,167.567567567568,105.567567567568
906,01_157_HOU_TOR_13,BetOnline,home,100,270,0.33,370.0,122.1
907,01_157_BAL_KC_14,5Dimes,home,100,-123,0.57,181.30081300813,103.341463414634
908,01_157_PIT_COL_15,5Dimes,home,100,-105,0.52,195.238095238095,101.52380952381
909,01_157_SD_SF_16,5Dimes,home,100,-103,0.58,197.087378640777,114.31067961165
910,01_157_CIN_STL_19,5Dimes,home,100,105,0.56,205.0,114.8
911,01_157_NYM_PHI_19,Bookmaker,home,100,110,0.49,210.0,102.9
912,01_157_OAK_NYY_13,Pinnacle,home,100,-128,0.57,178.125,101.53125
913,01_158_BAL_TB_13,5Dimes,away,100,275,0.28,375.0,105.0
914,01_158_MIN_DET_13,Bookmaker,away,100,-205,0.69,148.780487804878,102.658536585366
915,01_158_TOR_ATL_13,BetOnline,away,100,229,0.34,329.0,111.86
916,01_158_PHI_CIN_14,Pinnacle,away,100,139,0.46,239.0,109.94
917,01_158_SEA_CHC_14,5Dimes,away,100,260,0.35,360.0,126.0
918,01_158_COL_LAD_20,5Dimes,away,100,302,0.28,402.0,112.56
919,01_158_TEX_NYY_13,Heritage,home,100,-191,0.67,152.356020942408,102.078534031414
920,01_158_NYM_WSH_13,Pinnacle,home,100,102,0.55,202.0,111.1
921,01_158_HOU_MIL_16,5Dimes,home,100,176,0.38,276.0,104.88
922,01_159_TEX_NYY_18,Bookmaker,away,100,255,0.29,355.0,102.95
923,01_159_PHI_CIN_18,Pinnacle,away,100,118,0.52,218.0,113.36
924,01_159_MIA_PIT_19,5Dimes,away,100,163,0.43,263.0,113.09
925,01_159_TOR_ATL_19,5Dimes,away,100,190,0.39,290.0,113.1
926,01_159_HOU_MIL_19,Bookmaker,away,100,-152,0.61,165.789473684211,101.131578947368
927,01_159_SF_STL_19,5Dimes,away,100,247,0.33,347.0,114.51
928,01_159_SEA_CHC_20,BetOnline,away,100,212,0.38,312.0,118.56
929,01_159_COL_LAD_22,Bookmaker,away,100,234,0.31,334.0,103.54
930,01_159_NYM_WSH_19,5Dimes,home,100,-127,0.57,178.740157480315,101.88188976378
931,01_159_DET_KC_20,Bookmaker,home,100,-129,0.59,177.519379844961,104.736434108527
932,01_159_LAA_OAK_22,BetOnline,home,100,-157,0.63,163.694267515924,103.127388535032
933,01_160_MIA_PIT_19,5Dimes,away,100,173,0.38,273.0,103.74
934,01_160_MIN_BOS_19,5Dimes,away,100,125,0.46,225.0,103.5
935,01_160_DET_KC_20,5Dimes,away,100,190,0.36,290.0,104.4
936,01_160_COL_LAD_22,5Dimes,away,100,315,0.29,415.0,120.35
937,01_160_NYM_WSH_13,5Dimes,home,100,-114,0.57,187.719298245614,107.0
938,01_160_SF_STL_19,5Dimes,home,100,-110,0.55,190.909090909091,105.0
939,01_160_SD_ARI_21,5Dimes,home,100,-123,0.6,181.30081300813,108.780487804878
940,01_160_LAA_OAK_22,Bookmaker,home,100,-150,0.62,166.666666666667,103.333333333333
941,01_161_PHI_CIN_12,5Dimes,away,100,153,0.44,253.0,111.32
942,01_161_SF_STL_13,Pinnacle,away,100,162,0.39,262.0,102.18
943,01_161_TOR_TB_19,5Dimes,away,100,190,0.38,290.0,110.2
944,01_161_MIN_BOS_19,5Dimes,away,100,135,0.43,235.0,101.05
945,01_161_SEA_HOU_20,Pinnacle,away,100,242,0.34,342.0,116.28
946,01_161_DET_KC_13,5Dimes,home,100,110,0.53,210.0,111.3
947,01_161_LAA_OAK_15,BetOnline,home,100,-178,0.65,156.179775280899,101.516853932584
948,01_161_MIA_PIT_19,5Dimes,home,100,-139,0.59,171.942446043165,101.446043165468
949,01_161_CHC_MIL_19,BetOnline,home,100,114,0.49,214.0,104.86
950,01_161_WSH_ATL_19,Pinnacle,home,100,109,0.5,209.0,104.5
951,01_162_TEX_BAL_19,5Dimes,away,100,116,0.54,216.0,116.64
952,01_162_PHI_NYM_19,5Dimes,away,100,138,0.44,238.0,104.72
953,01_162_ARI_CIN_19,5Dimes,away,100,-112,0.54,189.285714285714,102.214285714286
954,01_162_NYY_BOS_19,Bookmaker,away,100,103,0.54,203.0,109.62
955,01_162_TOR_TB_19,Bookmaker,away,100,166,0.45,266.0,119.7
956,01_162_CLE_MIN_20,Pinnacle,away,100,167,0.41,267.0,109.47
957,01_162_SEA_HOU_20,Bookmaker,away,100,205,0.35,305.0,106.75
958,01_162_SF_LAD_22,5Dimes,away,100,230,0.32,330.0,105.6
959,01_162_COL_SD_22,5Dimes,away,100,160,0.44,260.0,114.4
960,01_162_KC_MIA_19,5Dimes,home,100,-123,0.58,181.30081300813,105.154471544715
961,01_162_CHC_MIL_20,5Dimes,home,100,114,0.49,214.0,104.86
962,01_162_DET_OAK_22,5Dimes,home,100,-220,0.72,145.454545454545,104.727272727273
963,01_163_ARI_CIN_16,5Dimes,away,100,145,0.46,245.0,112.7
964,01_163_TOR_TB_18,BetOnline,away,100,233,0.33,333.0,109.89
965,01_163_TEX_BAL_19,Bookmaker,away,100,-114,0.55,187.719298245614,103.245614035088
966,01_163_SEA_HOU_19,BetOnline,away,100,345,0.23,445.0,102.35
967,01_163_CLE_MIN_19,5Dimes,away,100,148,0.44,248.0,109.12
968,01_163_PHI_NYM_19,BetOnline,away,100,157,0.43,257.0,110.51
969,01_163_COL_SD_20,5Dimes,away,100,158,0.44,258.0,113.52
970,01_163_SF_LAD_21,Bookmaker,away,100,226,0.32,326.0,104.32
971,01_163_KC_MIA_18,5Dimes,home,100,-108,0.54,192.592592592593,104.0
972,01_163_STL_PIT_19,5Dimes,home,100,125,0.49,225.0,110.25
973,01_163_CHC_MIL_19,5Dimes,home,100,117,0.48,217.0,104.16
974,01_163_WSH_ATL_19,Heritage,home,100,-134,0.58,174.626865671642,101.283582089552
975,01_163_DET_OAK_21,Bookmaker,home,100,-273,0.74,136.630036630037,101.106227106227
976,01_164_TEX_BAL_13,5Dimes,away,100,-137,0.61,172.992700729927,105.525547445255
977,01_164_PHI_NYM_13,5Dimes,away,100,152,0.42,252.0,105.84
978,01_164_TOR_TB_13,5Dimes,away,100,195,0.38,295.0,112.1
979,01_164_ARI_CIN_13,Bookmaker,away,100,120,0.48,220.0,105.6
980,01_164_SEA_HOU_14,5Dimes,away,100,385,0.24,485.0,116.4
981,01_164_SF_LAD_16,5Dimes,away,100,220,0.34,320.0,108.8
982,01_164_COL_SD_16,5Dimes,away,100,149,0.44,249.0,109.56
983,01_164_NYY_BOS_20,5Dimes,away,100,-110,0.55,190.909090909091,105.0
984,01_164_KC_MIA_13,BetOnline,home,100,101,0.52,201.0,104.52
985,01_164_WSH_ATL_13,5Dimes,home,100,117,0.5,217.0,108.5
986,01_164_STL_PIT_13,BetOnline,home,100,175,0.4,275.0,110.0
987,01_164_CLE_MIN_14,Bookmaker,home,100,156,0.47,256.0,120.32
988,01_164_CHC_MIL_14,Heritage,home,100,-103,0.53,197.087378640777,104.456310679612
989,01_165_ARI_NYM_19,5Dimes,away,100,205,0.39,305.0,118.95
990,01_165_OAK_HOU_20,5Dimes,away,100,163,0.41,263.0,107.83
991,01_165_PIT_SF_21,5Dimes,away,100,145,0.43,245.0,105.35
992,01_165_CHC_SD_22,5Dimes,away,100,-131,0.58,176.335877862595,102.274809160305
993,01_165_MIL_MIA_19,BetOnline,home,100,178,0.43,278.0,119.54
994,01_165_CLE_LAA_22,5Dimes,home,100,147,0.42,247.0,103.74
995,01_166_ARI_NYM_19,BetOnline,away,100,120,0.5,220.0,110.0
996,01_166_WSH_MIN_19,5Dimes,away,100,145,0.45,245.0,110.25
997,01_166_OAK_HOU_20,5Dimes,away,100,141,0.44,241.0,106.04
998,01_166_LAD_BAL_19,5Dimes,home,100,290,0.26,390.0,101.4
999,01_166_ATL_PHI_19,5Dimes,home,100,157,0.47,257.0,120.79
1000,01_166_MIL_MIA_19,5Dimes,home,100,171,0.4,271.0,108.4
1001,01_166_TB_TEX_20,5Dimes,home,100,121,0.46,221.0,101.66
1002,01_166_STL_COL_20,BetOnline,home,100,140,0.44,240.0,105.6
1003,01_166_PIT_SF_21,5Dimes,home,100,-120,0.57,183.333333333333,104.5
1004,01_166_CHC_SD_22,BetOnline,home,100,131,0.45,231.0,103.95
1005,01_166_CIN_SEA_22,5Dimes,home,100,120,0.5,220.0,110.0
1006,01_167_NYY_DET_18,5Dimes,away,100,-189,0.68,152.910052910053,103.978835978836
1007,01_167_LAD_BAL_19,5Dimes,away,100,-180,0.66,155.555555555556,102.666666666667
1008,01_167_CHC_SD_22,5Dimes,away,100,-101,0.52,199.009900990099,103.485148514852
1009,01_167_ATL_PHI_19,5Dimes,home,100,127,0.46,227.0,104.42
1010,01_167_BOS_TOR_19,5Dimes,home,100,138,0.44,238.0,104.72
1011,01_167_WSH_MIN_19,5Dimes,home,100,131,0.46,231.0,106.26
1012,01_167_STL_COL_20,5Dimes,home,100,155,0.42,255.0,107.1
1013,01_167_PIT_SF_21,5Dimes,home,100,-103,0.54,197.087378640777,106.427184466019
1014,01_167_CIN_SEA_22,5Dimes,home,100,130,0.46,230.0,105.8
1015,01_168_ARI_NYM_13,5Dimes,away,100,128,0.48,228.0,109.44
1016,01_168_MIL_MIA_13,5Dimes,away,100,-129,0.59,177.519379844961,104.736434108527
1017,01_168_LAD_BAL_19,5Dimes,away,100,-210,0.69,147.619047619048,101.857142857143
1018,01_168_OAK_HOU_20,5Dimes,away,100,240,0.34,340.0,115.6
1019,01_168_NYY_DET_13,5Dimes,home,100,240,0.3,340.0,102.0
1020,01_168_STL_COL_15,5Dimes,home,100,158,0.43,258.0,110.94
1021,01_168_CHC_SD_15,Pinnacle,home,100,133,0.44,233.0,102.52
1022,01_168_BOS_TOR_19,5Dimes,home,100,131,0.48,231.0,110.88
1023,01_168_ATL_PHI_19,Bookmaker,home,100,120,0.46,220.0,101.2
1024,01_168_WSH_MIN_19,Bookmaker,home,100,108,0.49,208.0,101.92
1025,01_168_TB_TEX_20,5Dimes,home,100,142,0.48,242.0,116.16
1026,01_169_PIT_CHC_16,5Dimes,away,100,164,0.43,264.0,113.52
1027,01_169_ATL_WSH_19,Heritage,away,100,156,0.42,256.0,107.52
1028,01_169_NYY_TOR_19,5Dimes,home,100,182,0.36,282.0,101.52
1029,01_169_MIN_CLE_19,5Dimes,home,100,112,0.52,212.0,110.24
1030,01_169_BAL_DET_19,5Dimes,home,100,-108,0.53,192.592592592593,102.074074074074
1031,01_169_LAD_NYM_19,5Dimes,home,100,122,0.46,222.0,102.12
1032,01_169_OAK_TEX_20,5Dimes,home,100,153,0.41,253.0,103.73
1033,01_169_HOU_KC_20,5Dimes,home,100,328,0.28,428.0,119.84
1034,01_169_SD_COL_20,5Dimes,home,100,117,0.5,217.0,108.5
1035,01_169_CIN_ARI_21,Bookmaker,home,100,109,0.51,209.0,106.59
1036,01_169_TB_LAA_22,5Dimes,home,100,125,0.45,225.0,101.25
1037,01_170_PIT_CHC_14,5Dimes,away,100,205,0.37,305.0,112.85
1038,01_170_ATL_WSH_16,5Dimes,away,100,110,0.5,210.0,105.0
1039,01_170_BAL_DET_18,5Dimes,away,100,120,0.47,220.0,103.4
1040,01_170_BOS_PHI_19,5Dimes,away,100,112,0.48,212.0,101.76
1041,01_170_LAD_NYM_19,5Dimes,away,100,122,0.49,222.0,108.78
1042,01_170_MIL_STL_19,Bookmaker,away,100,183,0.36,283.0,101.88
1043,01_170_MIA_SF_21,Pinnacle,away,100,196,0.35,296.0,103.6
1044,01_170_NYY_TOR_15,Pinnacle,home,100,232,0.34,332.0,112.88
1045,01_170_HOU_KC_19,5Dimes,home,100,315,0.32,415.0,132.8
1046,01_170_SD_COL_20,5Dimes,home,100,110,0.5,210.0,105.0
1047,01_170_CIN_ARI_20,5Dimes,home,100,-112,0.54,189.285714285714,102.214285714286
1048,01_171_MIN_CLE_13,Intertops,away,100,130,0.44,230.0,101.2
1049,01_171_MIL_STL_14,5Dimes,away,100,135,0.46,235.0,108.1
1050,01_171_PIT_CHC_14,5Dimes,away,100,200,0.39,300.0,117.0
1051,01_171_MIA_SF_16,5Dimes,away,100,168,0.38,268.0,101.84
1052,01_171_LAD_NYM_19,5Dimes,away,100,-133,0.58,175.187969924812,101.609022556391
1053,01_171_BOS_PHI_13,5Dimes,home,100,100,0.52,200.0,104.0
1054,01_171_BAL_DET_13,5Dimes,home,100,126,0.47,226.0,106.22
1055,01_171_ATL_WSH_13,5Dimes,home,100,105,0.51,205.0,104.55
1056,01_171_HOU_KC_14,5Dimes,home,100,205,0.37,305.0,112.85
1057,01_171_SD_COL_15,Pinnacle,home,100,-104,0.54,196.153846153846,105.923076923077
1058,01_171_TB_LAA_16,5Dimes,home,100,159,0.41,259.0,106.19
1059,01_171_CIN_ARI_16,BetOnline,home,100,-139,0.6,171.942446043165,103.165467625899
1060,01_172_SD_MIL_19,5Dimes,away,100,147,0.43,247.0,106.21
1061,01_172_MIA_ARI_21,BetOnline,away,100,203,0.34,303.0,103.02
1062,01_172_BAL_DET_16,Pinnacle,home,100,131,0.46,231.0,106.26
1063,01_172_WSH_STL_19,Intertops,home,100,128,0.49,228.0,111.72
1064,01_172_CIN_CHC_20,Bookmaker,home,100,-136,0.63,173.529411764706,109.323529411765
1065,01_172_NYM_COL_20,5Dimes,home,100,149,0.46,249.0,114.54
1066,01_173_SEA_PIT_19,5Dimes,away,100,127,0.49,227.0,111.23
1067,01_173_PHI_ATL_19,5Dimes,away,100,172,0.38,272.0,103.36
1068,01_173_TEX_HOU_20,5Dimes,away,100,270,0.3,370.0,111.0
1069,01_173_TOR_BAL_19,BetOnline,home,100,135,0.46,235.0,108.1
1070,01_173_DET_CLE_19,BetOnline,home,100,-205,0.71,148.780487804878,105.634146341463
1071,01_173_WSH_STL_19,5Dimes,home,100,100,0.51,200.0,102.0
1072,01_173_NYM_COL_20,BetOnline,home,100,150,0.46,250.0,115.0
1073,01_173_TB_LAD_22,BetOnline,home,100,-118,0.55,184.745762711864,101.610169491525
1074,01_174_MIA_ARI_15,5Dimes,away,100,169,0.39,269.0,104.91
1075,01_174_LAA_NYY_18,Pinnacle,away,100,274,0.31,374.0,115.94
1076,01_174_TOR_BAL_19,Pinnacle,away,100,104,0.56,204.0,114.24
1077,01_174_DET_CLE_19,Pinnacle,away,100,275,0.27,375.0,101.25
1078,01_174_SF_BOS_19,5Dimes,away,100,154,0.41,254.0,104.14
1079,01_174_CIN_CHC_20,5Dimes,away,100,164,0.4,264.0,105.6
1080,01_174_TEX_HOU_20,Bookmaker,away,100,395,0.25,495.0,123.75
1081,01_174_WSH_STL_13,5Dimes,home,100,155,0.46,255.0,117.3
1082,01_174_NYM_COL_15,5Dimes,home,100,148,0.45,248.0,111.6
1083,01_174_KC_OAK_15,BetOnline,home,100,-215,0.69,146.511627906977,101.093023255814
1084,01_174_SEA_PIT_19,BetOnline,home,100,-110,0.53,190.909090909091,101.181818181818
1085,01_174_PHI_ATL_19,5Dimes,home,100,-147,0.61,168.027210884354,102.496598639456
1086,01_174_SD_MIL_19,Pinnacle,home,100,-140,0.59,171.428571428571,101.142857142857
1087,01_174_TB_LAD_20,Bookmaker,home,100,-128,0.61,178.125,108.65625
1088,01_175_PHI_ATL_12,5Dimes,away,100,146,0.44,246.0,108.24
1089,01_175_SD_MIL_16,Bookmaker,away,100,149,0.42,249.0,104.58
1090,01_175_TOR_BAL_19,5Dimes,away,100,-119,0.59,184.033613445378,108.579831932773
1091,01_175_KC_MIN_19,5Dimes,away,100,235,0.33,335.0,110.55
1092,01_176_BOS_TB_19,5Dimes,away,100,170,0.4,270.0,108.0
1093,01_176_PHI_CLE_19,5Dimes,away,100,195,0.37,295.0,109.15
1094,01_176_LAA_HOU_20,5Dimes,away,100,315,0.3,415.0,124.5
1095,01_176_PIT_MIL_20,BetOnline,away,100,181,0.39,281.0,109.59
1096,01_176_COL_LAD_22,5Dimes,away,100,295,0.28,395.0,110.6
1097,01_176_ARI_SD_22,BetOnline,away,100,113,0.53,213.0,112.89
1098,01_176_NYM_CIN_19,5Dimes,home,100,135,0.45,235.0,105.75
1099,01_176_WSH_MIA_19,Pinnacle,home,100,190,0.37,290.0,107.3
1100,01_176_SF_ATL_19,5Dimes,home,100,-178,0.65,156.179775280899,101.516853932584
1101,01_177_TOR_NYY_13,BetOnline,away,100,283,0.28,383.0,107.24
1102,01_177_STL_CHC_14,5Dimes,away,100,125,0.48,225.0,108.0
1103,01_177_BOS_TB_18,Bookmaker,away,100,196,0.44,296.0,130.24
1104,01_177_SEA_BAL_19,Bookmaker,away,100,-101,0.55,199.009900990099,109.455445544554
1105,01_177_KC_MIN_19,5Dimes,away,100,300,0.27,400.0,108.0
1106,01_177_PIT_MIL_19,Pinnacle,away,100,205,0.39,305.0,118.95
1107,01_177_PHI_CLE_19,5Dimes,away,100,157,0.43,257.0,110.51
1108,01_177_TEX_OAK_21,5Dimes,away,100,295,0.31,395.0,122.45
1109,01_177_COL_LAD_21,5Dimes,away,100,290,0.28,390.0,109.2
1110,01_177_NYM_CIN_16,BetOnline,home,100,114,0.49,214.0,104.86
1111,01_177_WSH_MIA_18,5Dimes,home,100,232,0.33,332.0,109.56
1112,01_178_TOR_NYY_13,5Dimes,away,100,280,0.29,380.0,110.2
1113,01_178_SEA_BAL_13,5Dimes,away,100,116,0.54,216.0,116.64
1114,01_178_BOS_TB_13,5Dimes,away,100,159,0.42,259.0,108.78
1115,01_178_PIT_MIL_14,5Dimes,away,100,257,0.35,357.0,124.95
1116,01_178_STL_CHC_14,5Dimes,away,100,135,0.45,235.0,105.75
1117,01_178_TEX_OAK_16,5Dimes,away,100,170,0.39,270.0,105.3
1118,01_178_COL_LAD_16,5Dimes,away,100,328,0.29,428.0,124.12
1119,01_178_ARI_SD_16,Pinnacle,away,100,-105,0.52,195.238095238095,101.52380952381
1120,01_178_NYM_CIN_13,5Dimes,home,100,111,0.51,211.0,107.61
1121,01_178_WSH_MIA_13,Bookmaker,home,100,188,0.4,288.0,115.2
1122,01_179_PHI_WSH_19,BetOnline,away,100,171,0.38,271.0,102.98
1123,01_179_BOS_TB_19,Pinnacle,away,100,184,0.4,284.0,113.6
1124,01_179_BAL_TOR_19,Youwager,home,100,-137,0.63,172.992700729927,108.985401459854
1125,01_179_STL_ARI_21,Intertops,home,100,120,0.48,220.0,105.6
1126,01_179_MIA_NYM_19,Pinnacle,away,100,193,0.35,293.0,102.55
1127,01_180_PHI_WSH_19,5Dimes,away,100,166,0.41,266.0,109.06
1128,01_180_MIA_NYM_19,5Dimes,away,100,235,0.35,335.0,117.25
1129,01_180_COL_SF_21,5Dimes,away,100,160,0.42,260.0,109.2
1130,01_180_MIN_DET_18,5Dimes,home,100,225,0.32,325.0,104.0
1131,01_180_CHC_PIT_19,5Dimes,home,100,176,0.39,276.0,107.64
1132,01_180_BAL_TOR_19,5Dimes,home,100,-125,0.6,180.0,108.0
1133,01_180_BOS_TEX_20,5Dimes,home,100,167,0.38,267.0,101.46
1134,01_180_STL_ARI_21,5Dimes,home,100,181,0.4,281.0,112.4
1135,01_180_OAK_LAA_22,5Dimes,home,100,195,0.39,295.0,115.05
1136,01_180_HOU_SEA_22,5Dimes,home,100,405,0.3,505.0,151.5
1137,01_180_LAD_SD_22,Pinnacle,home,100,190,0.36,290.0,104.4
1138,01_181_PHI_WSH_19,5Dimes,away,100,154,0.4,254.0,101.6
1139,01_181_MIA_NYM_19,Pinnacle,away,100,363,0.26,463.0,120.38
1140,01_181_STL_ARI_15,5Dimes,home,100,106,0.51,206.0,105.06
1141,01_181_MIL_CIN_18,5Dimes,home,100,133,0.46,233.0,107.18
1142,01_181_CHC_PIT_19,5Dimes,home,100,181,0.45,281.0,126.45
1143,01_181_BAL_TOR_19,5Dimes,home,100,-159,0.63,162.893081761006,102.622641509434
1144,01_181_BOS_TEX_20,5Dimes,home,100,142,0.45,242.0,108.9
1145,01_181_ATL_KC_20,Heritage,home,100,191,0.41,291.0,119.31
1146,01_181_HOU_SEA_22,5Dimes,home,100,315,0.33,415.0,136.95
1147,01_182_COL_SF_15,5Dimes,away,100,114,0.5,214.0,107.0
1148,01_182_PHI_WSH_16,BetOnline,away,100,220,0.36,320.0,115.2
1149,01_182_OAK_SEA_22,5Dimes,home,100,220,0.36,320.0,115.2
1150,01_183_ATL_NYM_19,Pinnacle,away,100,108,0.5,208.0,104.0
1151,01_183_CLE_WSH_19,Bookmaker,home,100,-119,0.55,184.033613445378,101.218487394958
1152,01_183_CIN_PIT_19,BetOnline,home,100,130,0.49,230.0,112.7
1153,01_183_TB_TOR_19,5Dimes,home,100,181,0.44,281.0,123.64
1154,01_183_BAL_BOS_19,Pinnacle,home,100,-205,0.69,148.780487804878,102.658536585366
1155,01_183_NYY_TEX_20,5Dimes,home,100,243,0.32,343.0,109.76
1156,01_183_MIN_KC_20,5Dimes,home,100,200,0.36,300.0,108.0
1157,01_183_SD_ARI_21,5Dimes,home,100,-127,0.58,178.740157480315,103.669291338583
1158,01_183_HOU_LAA_22,5Dimes,home,100,190,0.42,290.0,121.8
1159,01_183_OAK_SEA_22,5Dimes,home,100,187,0.4,287.0,114.8
1160,01_183_LAD_SF_22,BetOnline,home,100,174,0.37,274.0,101.38
1161,01_184_ATL_NYM_19,5Dimes,away,100,105,0.54,205.0,110.7
1162,01_184_CHC_STL_19,Youwager,away,100,175,0.45,275.0,123.75
1163,01_184_BAL_BOS_13,5Dimes,home,100,-162,0.64,161.728395061728,103.506172839506
1164,01_184_MIL_COL_20,5Dimes,home,100,176,0.45,276.0,124.2
1165,01_185_ATL_NYM_15,5Dimes,away,100,105,0.53,205.0,108.65
1166,01_185_CIN_PIT_15,Pinnacle,home,100,128,0.55,228.0,125.4
1167,01_185_NYY_TEX_15,5Dimes,home,100,163,0.45,263.0,118.35
1168,01_185_MIN_KC_15,BetOnline,home,100,169,0.38,269.0,102.22
1169,01_188_TB_OAK_20,Pinnacle,away,100,126,0.45,226.0,101.7
1170,01_189_STL_ATL_17,5Dimes,away,100,126,0.46,226.0,103.96
1171,01_189_WSH_LAD_20,5Dimes,home,100,-160,0.63,162.5,102.375
1172,01_190_MIN_NYY_19,5Dimes,away,100,174,0.38,274.0,104.12
1173,01_190_TB_HOU_14,5Dimes,home,100,-210,0.71,147.619047619048,104.809523809524
1174,01_191_TB_HOU_21,Bookmaker,away,100,268,0.31,368.0,114.08
1175,01_192_LAD_WSH_19,Intertops,away,100,110,0.52,210.0,109.2
1176,01_193_LAD_WSH_18,BetOnline,away,100,125,0.47,225.0,105.75
1177,01_193_HOU_TB_13,5Dimes,home,100,137,0.48,237.0,113.76
1178,01_193_NYY_MIN_20,5Dimes,home,100,137,0.46,237.0,109.02
1179,01_194_HOU_TB_19,5Dimes,home,100,220,0.34,320.0,108.8
1180,01_195_WSH_LAD_20,Heritage,away,100,148,0.41,248.0,101.68
1181,01_195_STL_ATL_17,5Dimes,home,100,107,0.49,207.0,101.43
1182,01_196_TB_HOU_19,5Dimes,away,100,240,0.3,340.0,102.0
1183,01_198_NYY_HOU_20,5Dimes,away,100,147,0.46,247.0,113.62
1184,01_199_NYY_HOU_20,5Dimes,away,100,145,0.43,245.0,105.35
1185,01_201_HOU_NYY_16,5Dimes,home,100,151,0.49,251.0,122.99
1186,01_201_STL_WSH_20,5Dimes,home,100,-152,0.63,165.789473684211,104.447368421053
1187,01_203_HOU_NYY_20,Bookmaker,home,100,-123,0.57,181.30081300813,103.341463414634
1188,01_208_WSH_HOU_20,BetOnline,away,100,177,0.38,277.0,105.26
1189,01_209_WSH_HOU_20,5Dimes,away,100,165,0.41,265.0,108.65
1190,01_211_HOU_WSH_20,5Dimes,home,100,133,0.53,233.0,123.49
1191,01_212_HOU_WSH_20,BetOnline,home,100,-125,0.59,180.0,106.2
1192,01_213_HOU_WSH_20,5Dimes,home,100,140,0.48,240.0,115.2
1193,01_215_WSH_HOU_20,5Dimes,away,100,163,0.41,263.0,107.83
1194,01_216_WSH_HOU_20,5Dimes,away,100,126,0.48,226.0,108.48
